"PIN","age","sex","sexOrient","sexOrientText","gender","genderText","relStat","relStatText","raceAAPI","raceBlack","raceLatinx","raceNAAI","raceMENA","raceWhite","raceNA","religion","politics","international","poliDQVC","poliDQMC","poliDQSC","poliDQCent","poliDQSL","poliDQML","poliDQVL","ageDQ18","ageDQ19","ageDQ20","ageDQ21","ageDQ22","ageDQ23_25","ageDQ26plus","raceDQAAPI","raceDQBlack","raceDQLatinx","raceDQNAAI","raceDQMENA","raceDQWhite","religionDQ1","religionDQ2","religionDQ3","religionDQ4","religionDQ5","religionDQ6","religionDQ7","religionDQ8","religionDQ9","religionDQ10","religionDQ11","internationalDQDom","internationalDQInt","idealAffectionComp","idealAmbitionComp","idealArtisticComp","idealDispositionComp","idealFamilyComp","idealHealthComp","idealHumorComp","idealIntelligentComp","idealKindComp","idealParentingComp","idealPhysattComp","idealReligiousComp","idealResourcesComp","idealSexyComp","idealStatusComp","selfAffectionateComp","selfAmbitionComp","selfArtisticComp","selfDispositionComp","selfFamilyComp","selfHealthComp","selfHumorComp","selfIntelligentComp","selfKindComp","selfParentingComp","selfPhysattComp","selfReligiousComp","selfResourcesComp","selfSexyComp","selfStatusComp"
"f24577972",18,0,3,"",0,NA,1,"",NA,NA,NA,NA,1,NA,NA,2,5,0,0,NA,1,1,1,1,1,1,1,1,1,1,NA,NA,1,NA,1,NA,1,1,1,1,1,NA,NA,NA,1,NA,NA,1,1,1,NA,8,6.5,2.5,4,4,5,6.5,6.5,8,8,9.5,6,6,8.5,6.5,8,7.5,2,4.5,7,6,8,6.5,9,8.5,6.5,9,6,9,5.5
"f2410450",18,0,3,"",0,NA,1,"",NA,1,NA,NA,NA,NA,NA,2,4,0,0,NA,1,1,1,NA,NA,1,1,1,NA,NA,NA,NA,NA,1,NA,NA,NA,NA,NA,1,NA,NA,NA,NA,NA,NA,NA,NA,NA,1,NA,7.5,9.5,4,8.5,7.5,5,8.5,6,10,9,6.5,8.5,5.5,5,5.5,6,8.5,5.5,6,9.5,5,8.5,5.5,9.5,9,5.5,7,4.5,7.5,5
"f24363334",19,0,3,"",0,NA,1,"",NA,NA,NA,NA,NA,1,NA,12,2,0,0,NA,1,1,1,NA,NA,NA,1,1,NA,NA,NA,NA,NA,1,NA,1,NA,1,1,1,NA,NA,1,1,NA,1,1,NA,1,1,1,7,10,7,6,7,6,7,6,6.5,6,5,5,5.5,5.5,6,6.5,10,6,6,8.5,6,5.5,4.5,6.5,5.5,5,4,5.5,5,5
"f24223793",18,0,1,"",0,NA,1,"",NA,1,NA,NA,NA,1,NA,11,6,0,0,NA,1,1,1,1,1,1,1,1,1,1,1,NA,1,1,1,1,1,1,NA,NA,NA,NA,NA,NA,NA,NA,NA,1,1,1,NA,7,7,6.5,5,5,5,7,8,6.5,7,6,2,5.5,6.5,7.5,5.5,7.5,7,5,6,4,8,9,5.5,6,5,1,5.5,5.5,7.5
"f24655853",21,0,1,"",0,NA,1,"",NA,NA,NA,NA,NA,1,NA,10,7,0,1,NA,NA,NA,1,1,1,NA,1,1,1,1,1,NA,1,1,1,1,1,1,1,1,NA,1,1,1,1,1,1,1,1,1,1,9,9,5,7,5,4.5,6,8,7,7.5,8,2,6,7.5,7,9,9.5,5,7,8.5,4.5,8,8,7,7.5,7,0,6.5,6,8
"f24402331",21,0,3,"",0,NA,1,"",NA,NA,NA,NA,NA,NA,1,10,7,1,0,NA,NA,NA,NA,1,1,NA,NA,1,1,1,1,NA,1,1,1,1,1,1,NA,NA,NA,NA,NA,NA,NA,1,1,1,1,1,1,9,7.5,7,7.5,6,7,8,6.5,8.5,6.5,5,2,5.5,5.5,7.5,8,7.5,8.5,9,8,6.5,6.5,6,7.5,7.5,8,0,5.5,7,8
"f24627858",20,0,1,"",0,NA,1,"",NA,NA,1,1,NA,NA,NA,11,7,0,0,NA,NA,1,1,1,1,NA,NA,1,1,1,1,1,NA,1,1,1,NA,1,NA,1,NA,1,1,NA,1,1,1,1,1,1,1,9,9.5,9,8.5,5,6,8,8.5,7,8,8,0.5,9.5,10,5,9.5,9.5,9.5,8,6,6,6.5,6.5,9.5,9.5,8.5,1.5,7,9.5,6
"f24848147",18,1,3,"",1,NA,1,"",1,NA,NA,NA,NA,NA,NA,9,6,0,0,1,1,1,1,1,1,1,1,1,1,NA,NA,NA,1,1,1,1,1,1,1,1,1,1,1,1,1,1,1,1,1,1,1,8.5,9,5,7,9,8.5,7.5,8,7,6.5,8,0.5,7.5,5,5,7,8.5,3.5,5,9,5.5,5,6,6.5,5.5,5.5,0.5,6,4,5
"f24792220",20,0,3,"",0,NA,1,"",NA,NA,NA,NA,NA,1,NA,11,6,1,0,NA,NA,1,1,1,1,NA,NA,1,1,1,1,NA,1,1,1,1,1,1,1,1,NA,NA,1,NA,NA,NA,NA,1,1,1,1,9,9,7,8,6.5,8,8,9,9,6,8,0.5,9.5,7.5,8.5,8.5,8.5,7.5,7,8,7,7.5,8.5,8,6,8.5,0,6.5,7,8
"f2447103",18,0,3,"",0,NA,1,"",NA,1,NA,NA,NA,NA,NA,1,6,0,0,NA,1,1,1,1,NA,1,1,NA,NA,NA,NA,NA,1,1,1,1,1,NA,1,1,NA,NA,NA,NA,1,1,1,1,NA,1,NA,5,3.5,1.5,1.5,3,4.5,8.5,5,3.5,2.5,5,3.5,6.5,5,2.5,1.5,5.5,4,4.5,4.5,7.5,6.5,6,4.5,0,8,2,7,7,6.5
"f24762476",22,0,3,"",0,NA,1,"",NA,NA,1,NA,NA,NA,NA,2,6,0,0,NA,NA,1,1,1,1,NA,NA,1,1,1,1,1,NA,1,1,NA,NA,NA,NA,1,NA,NA,NA,NA,NA,NA,NA,NA,NA,1,NA,8,7,6,8,8,7.5,8,7,7.5,7.5,7,5,8,7.5,7.5,9,9,7.5,8.5,9.5,8.5,9.5,8.5,9.5,9,9,8,8,9.5,8.5
"f24890021",19,0,1,"",0,NA,1,"",1,NA,NA,NA,NA,NA,NA,9,7,0,0,NA,NA,NA,1,1,1,NA,1,1,NA,NA,NA,NA,1,1,1,1,1,1,NA,1,NA,NA,NA,NA,NA,NA,1,1,NA,1,NA,8,8,6,8,5.5,7,7.5,7,7.5,7,6.5,5,6,7,7.5,7,9,8,8,8,7.5,9,6,9,6.5,6,5.5,7,5,7.5
"f24707597",19,0,1,"",0,NA,1,"",NA,NA,1,NA,NA,1,NA,9,6,0,0,NA,1,1,1,1,1,1,1,1,1,NA,NA,NA,1,1,1,1,1,1,1,1,NA,NA,1,NA,NA,1,1,1,1,1,1,7.5,7.5,6,7,5.5,7.5,7,8,7,8,6.5,3.5,7.5,6.5,8,8,7,8,8,7.5,6.5,7,7,7,8.5,6,4,5.5,6,7.5
"f24696303",20,0,3,"",0,NA,1,"",NA,NA,1,NA,NA,NA,NA,2,6,0,0,NA,1,1,1,1,NA,NA,1,1,1,1,NA,NA,NA,NA,1,NA,NA,1,1,1,NA,NA,NA,NA,NA,NA,NA,NA,NA,1,1,7,6.5,5,6.5,5.5,6.5,7,6,7,5,6,4.5,5.5,7,5.5,7,6,3.5,5.5,4,6,6,6.5,5.5,5,6,3.5,7,7,4.5
"f24968184",19,0,3,"",0,NA,1,"",1,NA,NA,NA,NA,NA,NA,1,3,0,0,1,1,1,1,NA,NA,NA,1,1,1,1,1,NA,1,NA,NA,NA,NA,1,1,1,NA,1,1,NA,NA,NA,NA,1,1,1,NA,5.5,10,5.5,8.5,7,7.5,6.5,8,6.5,5.5,8,5.5,10,6.5,9.5,5,9,4.5,10,10,9,7,7.5,9.5,7.5,9,6,8,8.5,8
"f24263070",20,1,3,"",1,NA,1,"",1,NA,NA,NA,NA,NA,NA,2,7,0,0,NA,NA,NA,NA,1,1,NA,1,1,1,1,1,1,1,1,1,1,1,1,1,1,1,1,1,1,1,1,1,1,1,1,NA,7,8,5.5,8,9.5,3,10,8,6.5,6.5,8,5,8,8.5,6.5,7.5,9.5,6,8.5,9.5,3.5,10,6,7,8.5,6,3.5,9.5,7,5.5
"f24569609",22,0,1,"",0,NA,1,"",NA,NA,NA,NA,NA,1,NA,11,7,0,0,NA,NA,NA,1,1,1,NA,NA,NA,1,1,1,1,1,1,1,1,1,1,1,1,NA,1,1,NA,1,1,1,1,1,1,1,6.5,8,6,7.5,5,8,7.5,8,9,7.5,8,3,7.5,8,9.5,6.5,7,8.5,9,4,5.5,7.5,7,4.5,4.5,7,3.5,6,6.5,5.5
"f24253908",21,0,3,"",0,NA,1,"",NA,NA,NA,NA,NA,1,NA,12,7,0,0,NA,NA,NA,NA,1,1,NA,NA,NA,1,1,1,1,1,1,1,1,1,1,1,1,1,1,1,1,1,1,1,1,1,1,1,6.5,10,5,9,6,8.5,9,9,10,7.5,8,5,6.5,9.5,6,7.5,9,7.5,8.5,9,8.5,9,9,9.5,8,8.5,3.5,3,10,8.5
"f24930645",18,0,1,"",0,NA,1,"",1,NA,NA,NA,NA,NA,NA,9,7,1,0,NA,NA,NA,NA,1,1,1,NA,NA,NA,NA,NA,NA,1,NA,NA,NA,NA,NA,1,1,1,1,1,1,1,1,1,1,1,1,NA,5.5,5.5,5,7,5,6,7,6,7.5,5,6,2.5,5.5,5,6.5,5.5,8,7,5,4.5,6,8,6.5,7.5,6,5.5,0,7,5,8.5
"f2444829",20,0,1,"",0,NA,1,"",NA,NA,NA,NA,NA,1,NA,11,6,0,0,NA,NA,1,1,1,NA,NA,NA,NA,1,1,1,NA,NA,1,NA,NA,NA,1,NA,NA,NA,NA,NA,NA,NA,1,NA,1,1,1,1,8,7,9.5,7,8.5,6.5,7,7.5,9,7.5,10,0,10,8,8,7.5,7,9.5,5,0.5,7,7.5,8,9,6.5,10,0,10,9.5,7
"f24863445",20,0,3,"",0,NA,1,"",NA,1,NA,NA,NA,1,NA,11,7,1,0,NA,NA,NA,NA,NA,1,NA,NA,NA,NA,1,1,1,NA,NA,NA,NA,NA,1,NA,NA,NA,NA,NA,NA,NA,NA,NA,1,1,1,1,5,5,6,5,5,5,5.5,7,9,6,7,0,5,6,6,4,5.5,6.5,5,9,7.5,6.5,9,9,7.5,6.5,0,5,5.5,8
"f24139249",22,0,1,"",0,NA,2,"",NA,NA,NA,NA,NA,1,NA,5,7,0,0,NA,NA,NA,NA,1,1,NA,NA,1,1,1,1,1,1,1,1,1,1,1,1,1,1,NA,1,NA,1,1,1,1,1,1,1,6.5,4.5,4.5,6.5,5,8.5,6,6,8,5,6.5,3,3.5,7,6.5,6.5,6,3.5,9.5,8,10,7,6.5,6.5,6.5,7.5,5.5,7,8,6.5
"f24180187",22,0,1,"",0,NA,1,"",NA,NA,NA,NA,NA,1,NA,5,7,0,0,NA,NA,NA,1,1,1,NA,NA,NA,1,1,1,1,1,1,1,1,1,1,1,1,NA,1,1,1,1,1,1,1,1,1,1,8.5,5.5,8,6.5,8,6,7,6,7.5,7.5,5,2.5,7,7,6.5,7,8,8.5,7,7.5,6.5,8.5,6.5,7.5,7,5,5,6.5,5.5,5
"f24783827",21,0,1,"",0,NA,1,"",1,NA,NA,NA,NA,1,NA,11,7,0,0,NA,NA,NA,1,1,1,NA,NA,1,1,1,1,NA,1,1,1,1,1,1,1,1,NA,NA,1,1,1,1,1,1,1,1,1,5.5,6.5,5.5,4,5,4.5,6.5,6,6.5,5,5,3,6,5.5,6.5,7,6.5,7,7,5.5,6,6.5,6,7,5,6,2.5,6,5,6
"f24351596",21,0,1,"",0,NA,1,"",NA,NA,NA,NA,1,1,NA,5,7,0,0,NA,NA,NA,1,1,1,NA,NA,NA,1,1,1,1,1,1,1,1,1,1,1,1,NA,1,1,1,1,1,1,1,1,1,1,8.5,6.5,7.5,8,6.5,9,9.5,7.5,8,7,8.5,3.5,7.5,8.5,8,8,7,8.5,7,5,7,7.5,7.5,7.5,7.5,7.5,3.5,6.5,8,7.5
"f24162892",19,0,3,"",0,NA,1,"",NA,NA,NA,NA,NA,1,NA,11,6,1,0,NA,1,1,1,1,1,1,1,1,1,1,NA,NA,1,1,1,1,1,1,NA,NA,NA,NA,NA,NA,NA,NA,NA,1,1,1,1,7.5,8,7,4.5,4,7,5.5,5.5,6,3,8,1,7,4.5,5.5,5.5,8.5,9,8,6,5.5,5.5,7,8,3,6.5,2,3.5,3,5
"f24741978",20,1,3,"",1,NA,1,"",NA,NA,1,NA,NA,NA,NA,1,4,0,0,NA,NA,1,1,NA,NA,NA,1,1,1,1,NA,NA,NA,1,1,NA,1,NA,1,NA,NA,NA,NA,NA,NA,NA,NA,NA,NA,1,1,7,7.5,5.5,7.5,7,8,6,8,7.5,6,7,7.5,6,8,7,7,7.5,5.5,7,7.5,7,6.5,7.5,7.5,7,6,7,5.5,7,7
"f24525144",18,0,1,"",0,NA,1,"",NA,NA,NA,NA,NA,1,NA,11,7,0,0,NA,NA,1,1,1,1,1,1,1,1,NA,NA,NA,1,1,1,1,1,1,1,1,NA,NA,1,NA,1,1,1,1,1,1,1,7,8,5,6.5,7.5,7.5,9,7.5,7.5,9.5,7.5,1.5,5,7.5,5,7,9,6,8.5,9.5,8.5,9.5,6.5,7.5,9.5,7.5,0,5,6.5,6.5
"f2494091",22,0,3,"",0,NA,1,"",NA,NA,NA,NA,NA,1,NA,11,7,1,0,NA,NA,1,1,1,1,NA,NA,NA,NA,1,1,1,1,1,1,1,1,1,NA,NA,NA,NA,NA,NA,NA,NA,NA,NA,1,1,1,8,7,6.5,8,7.5,7.5,9.5,8,9,7.5,7,1.5,7.5,9.5,8,8.5,8,8,8,8,6.5,10,9,9,9.5,6.5,0,7.5,9,9.5
"f242391",20,0,3,"",0,NA,1,"",1,NA,NA,NA,NA,NA,NA,11,7,0,0,NA,NA,NA,1,1,1,NA,NA,1,1,1,1,1,1,1,1,1,1,1,1,1,1,1,NA,NA,1,1,1,1,1,1,1,7,7.5,9.5,8.5,5,7.5,7.5,9,10,5,7.5,4,8,6,7,8.5,8.5,10,7.5,7,7.5,7,8.5,9,5,8,2,8.5,6.5,8
"f24799462",20,0,3,"",0,NA,1,"",NA,NA,1,NA,NA,NA,NA,1,6,0,0,NA,NA,NA,NA,1,NA,NA,NA,1,1,1,1,NA,NA,NA,1,NA,NA,NA,1,1,NA,NA,NA,NA,NA,NA,NA,NA,1,1,NA,6,6.5,4,6.5,6.5,6.5,6,5,7.5,6.5,5.5,4,5.5,4.5,6,5.5,7.5,5,7.5,4,5,5.5,5,6.5,9,6,4,5,5.5,7
"f24494886",18,1,3,"",1,NA,1,"",NA,NA,1,NA,NA,NA,NA,2,6,0,0,NA,NA,1,NA,NA,NA,NA,1,1,1,1,1,1,1,NA,1,NA,NA,1,NA,1,NA,NA,NA,NA,NA,NA,NA,NA,NA,1,NA,6,6,5.5,7,6.5,7,6,6.5,6.5,6.5,5,7,5.5,3,8.5,7,8,4.5,6.5,8.5,10,5,6.5,7.5,10,5,6.5,6.5,3.5,10
"f24777901",18,0,1,"",0,NA,1,"",NA,NA,NA,NA,1,NA,NA,12,6,0,0,NA,1,1,1,1,NA,1,1,1,NA,NA,NA,NA,1,NA,NA,NA,1,1,1,1,NA,NA,1,NA,1,NA,NA,1,1,1,1,7,7.5,6,8.5,8,8,5.5,7.5,8,8.5,5.5,5,7.5,4,7.5,7.5,8,4.5,5.5,9.5,5.5,7,8,8,7.5,6,4,7,5,6
"f24160249",22,1,3,"",1,NA,1,"",NA,NA,NA,NA,NA,1,NA,7,6,1,0,NA,1,1,1,1,NA,1,1,1,1,1,1,NA,1,NA,NA,NA,NA,1,1,1,1,1,1,1,1,1,1,NA,NA,1,1,7.5,8,8,7.5,8.5,8.5,7,9.5,8.5,9.5,10,3,6,5.5,8.5,7.5,10,9.5,7,10,6,6.5,9.5,7,8.5,9.5,4.5,7,5,9.5
"f24342054",21,1,3,"",1,NA,1,"",NA,NA,NA,NA,NA,1,NA,7,6,1,0,NA,1,1,1,1,NA,1,1,1,1,NA,NA,NA,NA,NA,NA,NA,1,1,1,1,NA,NA,NA,NA,1,NA,NA,1,1,1,NA,6.5,7.5,5.5,7,6,7,8,6,4,5,7,4,5.5,5,6.5,7,7.5,5.5,8,7.5,6,7.5,7,4,6,7,2.5,7,7.5,7
"f24969419",22,1,3,"",1,NA,1,"",NA,NA,NA,NA,NA,1,NA,7,6,1,0,NA,1,1,1,1,NA,NA,1,1,1,1,NA,NA,1,NA,1,1,1,1,1,1,1,1,1,1,1,1,1,1,1,1,1,7,5.5,5,4,5.5,7,6,6,6.5,5.5,6,3.5,5,6,6,6.5,6,3,5.5,7,6,7,6.5,8.5,5.5,7,5,8,6.5,6.5
"f24227040",20,0,3,"",0,NA,1,"",1,NA,NA,NA,NA,NA,NA,9,6,0,0,NA,NA,NA,1,1,NA,NA,NA,NA,1,1,1,1,1,NA,NA,NA,NA,1,1,1,1,NA,NA,NA,NA,1,1,1,1,1,NA,6,7,5,6,7.5,7.5,6,7.5,7,6,7,5,7,6,7,7,7.5,5,8,8,8,5.5,7,7.5,7.5,6.5,5,7,6,7
"f24814274",21,0,3,"",0,NA,1,"",NA,NA,NA,NA,NA,1,NA,10,7,0,0,NA,NA,NA,1,1,1,NA,NA,1,1,1,1,NA,1,1,1,1,1,1,1,1,NA,NA,1,NA,NA,NA,NA,1,1,1,NA,7.5,7.5,5,7,7,6.5,8,9,8,7,6,1.5,7,5.5,7,7.5,7,6,7.5,8,8,8,8.5,8,8,6.5,0,6,5,7.5
"f2446105",22,1,3,"",1,NA,1,"",NA,NA,NA,NA,NA,1,NA,11,4,0,0,NA,1,1,1,1,NA,NA,NA,1,1,1,1,NA,1,1,1,1,1,1,1,1,NA,NA,NA,NA,1,1,1,1,1,1,1,9,7,6.5,8.5,7,7,8,7,7,10,10,0,5,8.5,6,9,7,4,5.5,6.5,7,7,6,6.5,6.5,9,1.5,6,8.5,5
"f24434064",21,1,3,"",1,NA,1,"",NA,NA,NA,NA,NA,1,NA,12,6,0,0,NA,NA,NA,NA,1,NA,1,1,1,1,1,1,1,1,1,1,1,1,1,NA,NA,NA,NA,NA,NA,NA,NA,NA,NA,1,1,1,6.5,7,8.5,6,7,5,7,7,6.5,2.5,5.5,6,4,6,5.5,7,7,7,7,7,7,7,7,7,7,7,7,7,7,7.5
"f2479457",19,1,1,"",2,NA,1,"",NA,NA,NA,NA,NA,1,NA,11,6,0,0,NA,NA,1,1,1,1,1,1,1,1,1,1,NA,1,1,1,1,1,1,1,1,NA,1,1,1,1,1,1,1,1,1,1,6,6.5,5.5,6,5,5,6,6,6,5,5,4.5,6,5,5,6.5,7.5,5.5,5.5,8,7,7,6.5,7,4.5,5,0.5,7,5,5.5
"f2445932",19,0,1,"",0,NA,1,"",NA,NA,1,NA,NA,NA,NA,2,6,1,0,NA,NA,1,1,1,1,NA,1,1,1,1,NA,NA,NA,1,1,NA,NA,1,1,1,1,1,1,1,1,1,1,1,1,1,NA,10,8.5,5,8,7.5,7,8,8.5,8.5,8,7,3.5,7.5,6.5,6.5,10,7.5,8.5,2.5,5,3.5,9,7,7,8.5,7,0,6,6,5
"f24324705",23,0,3,"",0,NA,1,"",NA,NA,NA,NA,NA,1,NA,2,6,0,0,NA,NA,1,1,1,NA,NA,NA,1,1,1,1,NA,1,NA,1,NA,NA,1,1,1,NA,NA,NA,NA,NA,1,NA,1,1,1,1,8.5,8.5,5,8.5,8.5,7,6.5,8,8.5,6.5,8,5,8,7,8.5,7.5,7.5,7.5,6.5,9.5,6.5,7,7,8,8,6.5,3,4,7,8
"f24807598",19,0,3,"",0,NA,1,"",1,NA,NA,NA,NA,NA,NA,11,6,0,0,NA,1,1,1,1,1,NA,1,1,NA,NA,NA,NA,1,1,1,1,1,1,1,1,NA,NA,NA,NA,NA,NA,NA,1,1,1,NA,6,8.5,3.5,5.5,5.5,6.5,6,8.5,6.5,6.5,5,1,7,6.5,5.5,5,9.5,3.5,6.5,7.5,8,7,9,7.5,6,4,1.5,8.5,6,6.5
"f24299662",19,0,3,"",0,NA,2,"",NA,NA,1,NA,NA,NA,NA,12,4,0,0,NA,NA,1,1,NA,NA,NA,1,1,1,NA,NA,NA,1,1,1,1,1,1,1,1,NA,NA,NA,NA,NA,NA,NA,NA,NA,1,1,5.5,7,6,6,6,5.5,4.5,6,5.5,6,5,8,8,5,5,5,7,6,6,5.5,5.5,7.5,5.5,5.5,6.5,5,5.5,6,1,5
"f24955710",21,1,3,"",1,NA,1,"",NA,NA,NA,NA,NA,1,NA,11,7,0,0,NA,NA,NA,NA,1,1,NA,NA,1,1,1,NA,NA,1,NA,1,NA,NA,1,NA,1,NA,NA,NA,NA,NA,NA,NA,1,1,1,NA,6.5,7,6,5.5,5.5,6,6.5,7.5,5.5,6,5,3.5,5.5,5.5,6,6.5,6,4.5,7,7.5,5,6,7,6,5.5,4.5,3,5.5,5.5,5.5
"f24416224",24,1,3,"",1,NA,1,"",NA,NA,1,NA,NA,NA,NA,1,5,0,0,NA,1,1,1,NA,NA,NA,NA,NA,1,1,1,1,1,NA,1,NA,NA,1,1,1,NA,NA,NA,NA,1,1,NA,NA,1,1,1,6.5,7,5,5.5,6.5,8.5,5.5,6,6.5,7.5,7,5,6.5,6.5,6,6.5,7,5.5,4.5,9,9,6.5,7,7.5,7,6,5,6,6.5,5.5
"f24469530",19,0,1,"",0,NA,1,"",NA,NA,1,NA,NA,1,NA,2,7,0,0,NA,NA,1,1,1,1,NA,1,1,1,1,NA,NA,1,1,1,1,1,1,1,1,1,1,1,1,1,1,1,1,1,1,1,6,7,7.5,7,7.5,6,8.5,5.5,6.5,2,6.5,4,5.5,6.5,5.5,7,7.5,6,7.5,8.5,6.5,8,6.5,7,1.5,5.5,1.5,7,5.5,6
"f24642410",21,0,1,"",0,NA,1,"",1,NA,NA,NA,NA,NA,NA,12,6,0,1,NA,NA,1,1,1,1,NA,NA,NA,1,1,1,1,1,1,1,1,1,1,NA,1,NA,NA,1,NA,1,1,1,1,1,1,1,8.5,7.5,7,8.5,7,7.5,8,7.5,9.5,7.5,7,4.5,7.5,7,8,9,7.5,7.5,8.5,7.5,7,8.5,7.5,9.5,7,7,5,7,6.5,7.5
"f24426028",19,0,3,"",0,NA,1,"",1,NA,NA,NA,NA,NA,NA,11,4,0,0,NA,1,1,1,NA,NA,NA,1,1,NA,NA,NA,NA,1,1,1,1,1,1,NA,NA,NA,NA,NA,NA,NA,1,NA,1,1,1,1,5.5,8,5,7,6,6,6,7,6,5,5,5,6,5,5,4,8,5.5,6,6,2.5,2.5,5.5,4,1.5,4,0,6.5,5,5.5
"f24592274",20,0,3,"",0,NA,1,"",NA,NA,1,NA,NA,NA,NA,1,4,0,0,NA,NA,1,NA,NA,NA,NA,NA,1,1,1,NA,NA,NA,NA,1,NA,NA,NA,1,NA,NA,NA,NA,NA,NA,NA,NA,NA,NA,1,NA,9.5,10,10,10,7.5,10,9,9.5,10,10,9.5,10,9.5,7,10,10,10,9.5,10,9.5,9.5,9,8.5,9.5,10,4.5,10,7.5,4.5,10
"f24976312",19,1,3,"",1,NA,1,"",1,NA,NA,NA,1,1,NA,1,4,0,0,1,1,1,1,1,1,1,1,1,NA,NA,NA,NA,1,1,1,1,1,1,1,1,1,1,1,1,1,1,1,1,1,1,1,5.5,6,7.5,5,6,5,8,8,6,6,7,6,5,6,5,5.5,7.5,7.5,7,7,5,8,7.5,6.5,6.5,6,5,5.5,5.5,6
"f24801009",22,1,1,"",1,NA,1,"",NA,NA,NA,NA,NA,1,NA,11,6,0,0,NA,1,1,1,1,1,NA,1,1,1,1,1,NA,1,1,1,1,1,1,1,1,1,1,1,1,1,1,1,1,1,1,1,5.5,7,6,6,7.5,8.5,8.5,9,7,7.5,8.5,5,7,8.5,7,5,7.5,5,8,7.5,8.5,6.5,8,6.5,7.5,6.5,2.5,7,5.5,6
"f2419309",18,0,1,"",0,NA,1,"",1,NA,NA,NA,NA,NA,NA,11,7,0,0,NA,NA,1,1,1,1,1,1,1,NA,NA,NA,NA,1,1,1,1,1,1,1,1,NA,NA,1,1,1,1,1,1,1,1,1,6,5,5,5.5,5,5,7.5,6,7,6,5,5,5,5.5,5,6.5,5.5,5,3,4,2,5.5,7.5,6.5,7.5,4.5,6,4,4.5,2.5
"f24498876",23,1,1,"",1,NA,1,"",NA,NA,1,NA,NA,NA,NA,11,6,1,0,NA,NA,1,1,1,1,NA,NA,NA,1,1,1,1,1,1,1,1,1,1,NA,1,NA,1,1,NA,1,1,1,1,1,1,1,6,7.5,7.5,6.5,5,5.5,5.5,6.5,6,5.5,5,2,5,5,5,9.5,6,9.5,5,8.5,6.5,9,7,7.5,9,5,0.5,8.5,6.5,5
"f24316671",20,0,1,"",1,NA,1,"",1,NA,NA,NA,NA,NA,NA,10,6,0,0,NA,1,1,1,1,1,NA,1,1,1,1,NA,NA,1,NA,1,1,1,1,NA,1,NA,1,1,1,NA,1,NA,1,1,1,NA,5,5,7.5,6.5,5.5,6,5.5,6,6,2,5.5,3.5,6,5,5.5,6.5,5.5,8,6.5,8,5,7,6,5.5,3,7,0,6.5,5,5.5
"f24480688",20,1,3,"",1,NA,1,"",1,NA,NA,NA,NA,NA,NA,12,5,0,0,NA,1,1,1,1,NA,NA,1,1,1,1,NA,NA,1,NA,1,NA,NA,1,NA,1,NA,NA,NA,NA,NA,1,NA,1,1,1,NA,7.5,7,7.5,6,6,7,7,6,6.5,5,6,3.5,6.5,5.5,6,8,6.5,7,6.5,4.5,7,7,6.5,4,4,5,0.5,5.5,6,7
"f24734101",20,1,3,"",1,NA,1,"",NA,NA,NA,NA,NA,1,NA,11,7,0,0,NA,NA,NA,NA,1,1,NA,1,1,1,1,NA,NA,1,NA,NA,NA,1,1,1,1,NA,NA,1,NA,1,1,1,1,1,1,1,7,5,6.5,8,6,7.5,7.5,7.5,9,5.5,8,2.5,6.5,5.5,6,6.5,4,5.5,8,8,8,7,8,8,6,6.5,2.5,7,4,7
"f2415801",19,0,3,"",0,NA,1,"",NA,NA,NA,NA,NA,1,NA,11,6,0,0,NA,NA,NA,1,1,1,1,1,1,1,1,1,NA,1,1,1,1,1,1,1,1,1,1,1,1,1,1,1,1,1,1,NA,9,7.5,5,8,5,8,8,7,8.5,7,7,2.5,5,8,7.5,9,8.5,9,9,8.5,9,9.5,7.5,9,7.5,8,2.5,7,4.5,9
"f24593631",19,0,3,"",0,NA,1,"",NA,NA,1,NA,NA,NA,NA,11,7,0,0,NA,1,1,1,1,1,1,1,1,1,1,1,NA,1,1,1,1,1,1,1,1,1,NA,NA,NA,NA,NA,NA,1,1,1,NA,7.5,10,3,5,7.5,5,10,10,10,10,10,4,10,5,10,9,10,10,10,10,5,10,10,10,10,8,1,10,6,10
"f2423253",18,0,3,"",0,NA,1,"",NA,NA,NA,NA,NA,1,NA,1,6,0,0,NA,1,1,1,1,NA,1,1,1,1,1,NA,NA,1,1,1,1,1,1,1,1,1,1,1,1,1,1,1,1,1,1,1,6.5,5.5,4.5,5.5,5.5,6,6.5,7.5,6,5,7,3.5,5,5.5,7.5,6.5,7,5.5,6,8.5,6.5,6.5,6.5,7.5,6,7,4.5,5.5,5.5,6.5
"f24327932",18,0,3,"",0,NA,1,"",NA,NA,NA,NA,NA,1,NA,11,6,0,0,NA,NA,NA,1,1,1,1,1,NA,NA,NA,NA,NA,1,1,1,NA,NA,1,1,1,1,1,1,NA,1,NA,1,1,1,1,NA,6,7.5,5,7,6.5,6.5,8,6.5,7,6,7,1,7.5,6,6,6.5,7.5,4.5,7.5,7.5,6,8,6.5,6,6,6,1,6.5,5,6
"f24832670",22,0,3,"",0,NA,1,"",NA,NA,NA,NA,NA,1,NA,10,6,0,0,NA,NA,NA,1,1,1,NA,NA,NA,NA,1,1,1,1,1,1,1,1,1,NA,NA,NA,NA,NA,NA,NA,NA,NA,1,1,1,1,5,7.5,5,7.5,4,6,10,10,10,7.5,10,0.5,10,10,9,4,9.5,4.5,6.5,7,6.5,10,9,8.5,8,8,0,8.5,10,9
"f24187223",19,0,3,"",0,NA,1,"",1,NA,NA,NA,NA,1,NA,11,6,0,0,NA,1,1,1,1,NA,1,1,1,1,1,NA,NA,1,1,1,1,1,1,1,NA,NA,NA,NA,NA,NA,1,1,1,1,1,1,5.5,7,6,6.5,6,7,6.5,7,6,6.5,7,2,6.5,5.5,7.5,4.5,6,6,5,4.5,6.5,6,5,5,5.5,7,1,5,2,5.5
"f24147575",20,1,3,"",1,NA,1,"",NA,NA,NA,NA,NA,1,NA,1,3,0,0,NA,1,1,1,1,NA,NA,1,1,1,NA,NA,NA,1,1,1,NA,NA,1,1,1,1,NA,NA,NA,NA,NA,NA,1,1,1,NA,8.5,8.5,8,6,8,7.5,8,5.5,7,6,7,4.5,6,6.5,5.5,7,7.5,8.5,7.5,9,6.5,7.5,7,7.5,5.5,7,5,6.5,6.5,7.5
"f24484299",19,0,3,"",0,NA,1,"",1,NA,NA,NA,NA,1,NA,2,5,0,0,NA,1,1,1,1,1,1,1,1,1,NA,NA,NA,1,1,1,1,1,1,1,1,1,1,1,1,1,1,NA,NA,1,1,1,9,7,6,7,5.5,5.5,9,6.5,8,6.5,6.5,5.5,7,9,8.5,7,5.5,5,9,5,2.5,7.5,3.5,7,7,4,3.5,4.5,5,7
"f24275843",18,1,3,"",1,NA,1,"",NA,NA,1,NA,NA,NA,NA,10,7,0,0,NA,1,1,1,1,1,NA,1,1,NA,NA,NA,NA,1,1,1,1,1,NA,1,1,NA,NA,NA,NA,1,1,1,1,1,1,NA,6,6,6,6,5,5,7.5,7,6,6,5.5,2.5,4,5,6,5.5,7,7,7.5,10,8,6,6,7,8,5.5,0.5,4.5,3.5,6
"f24980714",20,0,3,"",0,NA,1,"",NA,NA,NA,NA,NA,1,NA,11,5,0,0,NA,NA,NA,1,1,1,NA,NA,1,1,NA,NA,NA,1,1,1,1,1,1,NA,NA,NA,NA,NA,NA,NA,NA,NA,1,1,1,NA,7,7.5,6,7.5,7,7,8.5,6.5,7,8,8,0,7,7.5,7.5,6.5,6,6.5,5,8,7.5,8,6,7,8,6.5,0,5.5,7,6.5
"f24118531",20,1,3,"",1,NA,1,"",1,NA,NA,NA,NA,NA,NA,10,5,0,0,NA,1,1,1,1,NA,NA,1,1,1,1,NA,NA,1,NA,1,1,1,1,1,1,NA,1,1,1,1,1,1,1,1,1,NA,7,7,5.5,6.5,5.5,6,6.5,6.5,6.5,7,6.5,3.5,6,5.5,6,7,7.5,6,5.5,6.5,6.5,6.5,8,6,7,6,1.5,6.5,6.5,7
"f24377898",21,1,3,"",1,NA,1,"",NA,NA,NA,NA,NA,1,NA,12,5,1,0,NA,1,1,1,1,NA,NA,NA,1,1,1,1,NA,1,1,1,1,1,1,1,1,NA,1,1,1,1,1,1,1,1,1,1,8,6.5,6,7.5,6.5,6.5,7,6.5,7,7,7.5,2.5,5,5.5,5,4.5,7,3,5.5,5,5.5,8,7,9,8.5,6,0,7,3,4.5
"f24713220",23,1,3,"",1,NA,1,"",NA,NA,NA,NA,NA,1,NA,11,3,0,0,NA,1,NA,NA,NA,NA,NA,NA,1,1,1,1,NA,1,1,1,1,1,1,1,1,1,1,1,1,1,NA,NA,1,1,1,1,6,7,5,7,5,6,6,6.5,6.5,6.5,5.5,3,5.5,6,6,6.5,6.5,4,6.5,8.5,6,5,7.5,4.5,5.5,4.5,1,6,5.5,5.5
"f24544166",24,1,3,"",1,NA,1,"",NA,1,NA,NA,NA,1,NA,11,7,0,1,NA,NA,1,1,1,1,NA,NA,1,1,1,1,1,1,1,1,1,1,1,1,NA,NA,NA,1,NA,1,1,1,1,1,1,NA,5.5,5.5,6,6,5,6,5,6,6,5,5,2,5.5,5.5,5.5,6.5,6,6.5,4.5,5.5,6.5,5,6.5,6.5,5,5,0,5,5,5
"f24840732",21,1,3,"",1,NA,2,"",NA,1,1,NA,1,1,NA,2,3,0,0,1,1,1,1,1,1,1,1,1,1,1,1,NA,1,NA,1,NA,1,1,1,1,1,1,1,1,NA,NA,NA,1,NA,1,1,6,7,6,7.5,6,5.5,5.5,6.5,6.5,6,6.5,4.5,5,7,7,7,8,6,7.5,6,7,7,7.5,7,7.5,5.5,4,7,8.5,7.5
"f24568816",25,1,3,"",1,NA,1,"",NA,NA,1,NA,NA,NA,NA,2,3,0,0,NA,1,1,1,1,NA,1,1,1,1,1,1,NA,1,1,1,1,1,1,1,1,NA,NA,NA,NA,NA,NA,NA,NA,1,1,1,7.5,6,5.5,7.5,7,5,6.5,5,7.5,8.5,6.5,7,6.5,6,6,7,8.5,6,8.5,8,6,8,9,8.5,8,7.5,9,10,6.5,8.5
"f24959776",19,0,1,"",0,NA,1,"",NA,NA,NA,NA,NA,1,NA,10,7,0,0,NA,NA,NA,NA,1,1,NA,1,1,1,1,NA,NA,1,1,NA,NA,NA,1,1,1,NA,NA,1,NA,NA,1,1,1,1,1,1,6,6.5,5,5,6,4.5,7,6.5,6.5,5,5,0,6.5,4.5,6.5,5.5,7,5,5,6.5,4,7,6.5,6.5,5,5,0,7,4.5,6
"f24909969",18,0,3,"",0,NA,1,"",NA,NA,NA,NA,NA,1,NA,5,6,0,0,NA,1,1,1,1,1,1,1,1,NA,NA,NA,NA,NA,NA,NA,NA,1,1,NA,1,NA,NA,1,NA,NA,NA,NA,1,NA,1,NA,7,6.5,5.5,6.5,6.5,6,8.5,6.5,8,6.5,7,3,6,5,5,7,6.5,5,6,8.5,5,7,6,9,7.5,5,1.5,5,5,5
"f24150654",21,1,3,"",1,NA,1,"",1,NA,NA,NA,NA,NA,NA,9,5,0,0,NA,NA,NA,1,NA,NA,NA,NA,1,1,1,NA,NA,1,NA,NA,NA,NA,1,NA,1,NA,NA,NA,NA,NA,NA,1,1,1,1,NA,6.5,7,6,7.5,6.5,6.5,6.5,5,7,6.5,5.5,2.5,6,5.5,5,5.5,5.5,5.5,6.5,6.5,5.5,6.5,5,7,6,5,2,5,4.5,5
"f24642064",18,0,1,"",0,NA,1,"",1,NA,NA,NA,NA,NA,NA,11,6,1,0,NA,NA,NA,NA,1,1,1,1,1,1,1,NA,NA,1,NA,NA,NA,NA,1,1,1,NA,NA,NA,NA,NA,1,NA,1,1,1,1,6,6.5,6,5.5,6,6,5.5,6.5,6.5,6.5,7,2.5,8,5,6.5,5.5,4.5,4,4,6.5,3,3.5,5,5,4,4.5,0,5.5,5,5
"f24994013",19,0,1,"",0,NA,1,"",1,NA,NA,NA,NA,NA,NA,11,6,0,0,NA,NA,1,1,1,1,NA,1,1,1,1,NA,NA,1,1,1,1,1,1,NA,NA,NA,NA,1,NA,NA,1,NA,1,1,1,NA,7,7.5,7.5,6,7.5,8,6.5,7.5,7,7.5,7,0,7.5,7.5,7,5.5,6.5,5.5,6.5,6.5,6.5,3.5,6,6.5,5,7,0,3.5,3.5,6
"f24559078",18,0,3,"",0,NA,1,"",1,NA,NA,NA,NA,NA,NA,10,6,0,0,NA,NA,NA,1,1,1,1,1,1,1,NA,NA,NA,1,1,1,1,1,1,1,1,NA,NA,NA,NA,NA,1,NA,1,1,1,1,7.5,6,6,6,7,5.5,5.5,6.5,7,6.5,6,3,6.5,6,6.5,6,5,5.5,5,5.5,4.5,5,5,6.5,5.5,4.5,2,5,5,5
"f24489262",20,1,3,"",1,NA,1,"",NA,1,NA,NA,NA,NA,NA,1,4,0,0,NA,1,1,1,1,NA,NA,1,1,1,1,1,NA,1,1,1,1,1,1,1,1,NA,NA,NA,NA,NA,1,NA,1,NA,1,1,7.5,6,8,8.5,4.5,6,8,8.5,7,7,6,5.5,5.5,5,4,7.5,7,4,3.5,6.5,5,7,7,7,4,4,5,6,8,7.5
"f24680587",21,0,3,"",0,NA,1,"",1,NA,NA,NA,NA,NA,NA,11,6,0,0,NA,NA,1,1,1,NA,NA,NA,1,1,1,NA,NA,1,NA,NA,NA,NA,NA,NA,1,NA,NA,NA,NA,NA,1,NA,1,1,1,NA,5.5,7.5,3.5,6,6,7,7,6.5,6,4.5,6,3.5,6,5.5,4.5,5,7.5,5,5.5,7,6.5,5.5,6,7,6,5.5,4,7,5,3.5
"f24762432",18,0,3,"",0,NA,1,"",NA,NA,1,NA,NA,NA,NA,11,5,0,0,NA,1,1,1,1,1,1,1,1,NA,NA,NA,NA,1,1,1,1,NA,1,1,1,NA,NA,NA,NA,NA,NA,NA,1,1,1,NA,7,8,4.5,7.5,5,5,7,7,8.5,5.5,5.5,3.5,6,5,5.5,8.5,9,5,7,8.5,6.5,7,7,9,8,6.5,2.5,8,5.5,7.5
"f24249534",19,0,3,"",0,NA,1,"",NA,NA,NA,NA,1,1,NA,2,6,1,0,NA,NA,1,1,1,1,NA,1,1,NA,NA,NA,NA,1,1,1,1,1,1,1,1,1,1,1,1,1,1,1,1,1,1,NA,6.5,7.5,5.5,7.5,6.5,6,9,7.5,10,6.5,6,5,9.5,6,7,5.5,7.5,7.5,8,9,7,8,7.5,8,6.5,5.5,5,5.5,5,6
"f24526295",21,1,3,"",1,NA,1,"",1,NA,NA,NA,1,NA,NA,12,4,0,0,NA,NA,1,NA,NA,NA,NA,NA,NA,1,NA,NA,NA,1,NA,NA,NA,1,1,NA,1,NA,NA,NA,NA,1,NA,1,NA,NA,1,1,5,8,4.5,7.5,6.5,6,6.5,7,7.5,5.5,5,3.5,5,4,7,5,8,5,8,4,5.5,8.5,7.5,8,6.5,4.5,4,5.5,5,8
"f24467836",18,0,1,"",0,NA,1,"",NA,NA,NA,NA,NA,1,NA,1,6,0,0,NA,NA,1,1,1,1,1,1,1,1,NA,NA,NA,1,1,1,1,1,1,1,1,NA,NA,1,NA,1,1,1,1,1,1,1,6,5.5,5,6,5,5,7.5,6,6,5,5.5,3.5,5,6.5,6,6,6.5,5,7,6.5,4.5,8.5,6,6,6,6,2.5,6.5,5.5,6
"f24108276",19,0,3,"",0,NA,1,"",1,NA,NA,NA,NA,NA,NA,12,6,0,0,NA,1,1,1,1,1,1,1,1,1,1,NA,NA,1,1,1,1,1,1,1,1,1,1,1,1,1,1,1,1,1,1,NA,4.5,8,4.5,8,6,7,7,8,5.5,3.5,6,4.5,8,7,6.5,4,8,2.5,5,5,6,5.5,7,5.5,4.5,6,4.5,6,6,6.5
"f24689248",18,0,3,"",0,NA,1,"",NA,NA,NA,NA,NA,1,NA,11,3,0,1,NA,1,1,1,1,NA,1,1,1,1,NA,NA,NA,1,NA,NA,1,1,1,1,1,NA,NA,NA,NA,NA,1,1,1,1,1,1,6.5,7.5,5.5,5.5,7,7.5,6,6,6.5,7,7.5,2,7,7.5,8,8,8,7,7,9,8,7,6.5,8,7.5,7.5,2.5,8,7.5,7
"f24924232",18,0,3,"",0,NA,1,"",NA,NA,NA,NA,NA,1,NA,5,4,0,0,NA,1,1,1,NA,NA,1,1,1,1,NA,NA,NA,NA,1,1,NA,NA,1,NA,NA,NA,1,1,1,NA,NA,NA,1,NA,1,NA,6,6,5,5.5,4,6.5,6,6,5.5,5.5,6,0.5,6,6,6,6,6.5,6,5.5,7.5,7,7.5,6.5,7,7,6.5,3,5,6,6
"f24911569",21,0,3,"",0,NA,1,"",NA,NA,1,NA,NA,NA,NA,2,6,0,0,NA,1,1,1,1,NA,NA,NA,1,1,1,1,NA,1,1,1,1,1,1,1,1,NA,NA,NA,NA,NA,NA,NA,1,1,1,1,5.5,8.5,1,5.5,6.5,7.5,5,7,6.5,6.5,6,1.5,8,7.5,8.5,6.5,8,1.5,6.5,8,8,5.5,8,7.5,8.5,7.5,2.5,9,7,7.5
"f24983939",21,1,3,"",0,NA,1,"",1,NA,NA,NA,NA,NA,NA,10,4,0,0,NA,1,1,1,1,NA,NA,NA,1,1,1,1,NA,NA,NA,NA,NA,NA,1,1,1,NA,NA,1,NA,NA,1,NA,1,1,1,1,6.5,7,5,5.5,6,7.5,6,8,6,6,8,3.5,8,6,7.5,5,3,2.5,3.5,2,8,4,9,5,6,8.5,1.5,8,5.5,6
"f24675030",19,0,3,"",0,NA,1,"",1,NA,NA,NA,NA,NA,NA,1,6,0,0,NA,NA,NA,1,1,NA,NA,1,1,1,1,NA,NA,1,NA,NA,NA,NA,NA,1,1,NA,NA,NA,NA,NA,NA,NA,NA,NA,1,NA,9,7.5,3,5.5,9.5,10,8,9,9,9,8,3.5,6.5,6.5,8,9,6.5,2,7,7.5,8,8,5.5,9,7.5,6.5,4,5.5,4,6.5
"f24626359",19,0,3,"",0,NA,1,"",NA,NA,1,NA,NA,NA,NA,1,4,0,0,NA,NA,NA,NA,1,NA,NA,1,1,1,NA,NA,NA,1,1,1,1,1,1,1,NA,NA,NA,NA,NA,NA,NA,NA,1,NA,1,NA,7.5,8,5.5,8,8.5,6.5,6,7.5,7.5,5,7.5,6,7.5,5,6.5,8.5,9,7.5,8,10,6,6.5,7,9,8,5,6.5,7,5,8
"f24361844",18,1,3,"",1,NA,1,"",NA,NA,1,NA,NA,NA,NA,12,3,0,0,NA,1,NA,NA,NA,NA,1,1,NA,NA,NA,NA,NA,1,NA,1,NA,NA,NA,1,NA,NA,NA,NA,NA,NA,NA,NA,NA,NA,1,NA,8.5,5,6,8,9,10,8,6,9,8,7,5,5,7,6,7.5,7,7.5,8.5,9,6.5,7.5,7.5,8,7.5,6.5,3.5,7.5,9.5,7
"f24166791",19,0,1,"",0,NA,1,"",NA,NA,NA,NA,NA,NA,1,11,6,1,2,NA,1,1,1,1,1,NA,1,1,1,1,1,1,1,1,1,1,1,1,1,1,NA,NA,1,1,NA,1,1,1,1,1,1,6.5,7,5,6,5.5,7,6,7,6,5.5,5.5,0,7,6,5,7.5,6.5,5.5,6,7.5,7.5,6,7.5,6,5.5,5,0,6,5.5,5.5
"f24126210",18,0,3,"",0,NA,1,"",NA,NA,1,NA,NA,NA,NA,2,6,0,0,NA,NA,1,1,1,NA,1,1,1,1,NA,NA,NA,1,1,1,1,1,1,NA,1,NA,NA,NA,NA,NA,NA,NA,NA,NA,1,1,8,8.5,7.5,7.5,6.5,6,7.5,7,8,9.5,5,5,6,6.5,6,7,7.5,5,7,9.5,6,8.5,6.5,7,10,5,6,5,5,7.5
"f24423571",19,0,1,"",0,NA,1,"",NA,NA,1,NA,NA,NA,NA,12,4,0,0,NA,NA,1,1,NA,NA,1,1,1,NA,NA,NA,NA,1,1,1,1,1,1,1,1,NA,NA,NA,NA,NA,NA,NA,1,NA,1,1,5,7,7,6,6,7,5.5,7,6.5,7,5,0,5,5,5.5,4.5,7,7,5,7,6.5,5,5,7.5,7,5,0,5,5,5.5
"f24809990",18,0,1,"",0,NA,5,"Dating, polyamorous",NA,NA,NA,NA,NA,NA,1,12,5,0,0,NA,1,1,1,1,NA,1,1,1,NA,NA,NA,NA,1,1,1,1,1,1,1,1,1,1,1,1,1,1,1,1,1,1,1,7.5,6,6.5,8,5.5,6,8.5,6.5,9.5,7,5,3.5,6.5,4.5,6,6,5,7,9,4,5,7.5,6,8.5,6,6.5,2.5,6.5,3,5.5
"f24443181",25,1,3,"",1,NA,1,"",NA,NA,NA,NA,1,NA,NA,1,4,0,0,NA,NA,1,NA,NA,NA,NA,NA,NA,NA,1,1,1,1,1,1,NA,1,1,1,1,NA,1,NA,NA,NA,1,NA,1,1,1,1,5.5,8,5.5,8.5,8.5,8,7,6.5,8,6.5,7,5,5,6.5,8,7,9,4.5,8,9.5,5,7.5,8,8,7,6,6,5,5,7.5
"f24190850",20,0,3,"",0,NA,1,"",NA,1,NA,NA,NA,1,NA,12,6,0,0,NA,NA,1,1,1,1,NA,NA,1,1,1,1,NA,NA,1,NA,NA,NA,1,1,1,NA,1,1,NA,NA,1,NA,1,1,1,NA,6.5,7,5,5,7,5,6.5,6.5,6,5.5,6.5,4,5,5,5,5.5,6.5,3.5,6.5,9,6.5,6.5,6.5,7.5,7,6.5,1.5,5,5,6
"f24643623",19,0,1,"",0,NA,1,"",NA,NA,NA,NA,NA,1,NA,5,6,0,0,NA,1,1,1,1,1,1,1,1,1,1,NA,NA,1,1,1,1,1,1,1,1,1,1,1,1,1,1,1,1,1,1,1,7.5,8,5,9,6,7,8,8,7.5,7,6.5,5.5,7,7.5,8.5,8.5,7.5,5,6.5,9.5,5,8.5,7.5,7,6,5,6.5,7,8.5,8
"f24529664",18,1,3,"",1,NA,1,"",NA,NA,1,NA,NA,NA,NA,1,4,0,0,NA,1,1,1,NA,NA,1,1,NA,NA,NA,NA,NA,1,NA,NA,NA,NA,1,1,1,NA,NA,NA,NA,NA,NA,NA,NA,NA,1,NA,6.5,7,6,7.5,6.5,5.5,7,6,6,8,5,7,4.5,5.5,5.5,6,8,3.5,7,9,6.5,7,6,6,6.5,5.5,7,6,5,5.5
"f24646540",19,0,3,"",0,NA,1,"",NA,NA,NA,NA,NA,1,NA,11,5,0,0,NA,1,1,1,1,NA,NA,1,1,1,NA,NA,NA,1,NA,NA,NA,NA,1,1,NA,NA,1,1,NA,NA,NA,NA,1,1,1,NA,6,7,5.5,6.5,8,7,6,7,7.5,6.5,6.5,3,6,5,7,6,8.5,4,8,9.5,7.5,6,6.5,8,8,6,1.5,5,6,8
"f24779910",23,0,3,"",0,NA,1,"",1,NA,1,NA,NA,1,NA,11,4,0,0,NA,1,1,1,1,NA,NA,NA,NA,1,1,1,1,1,NA,NA,NA,NA,1,1,1,1,1,1,1,1,1,1,1,1,1,1,5.5,6,5,6,6.5,6.5,8,6,6,6,6.5,5,7,5.5,6,2.5,7,6.5,7,8.5,5.5,7,5.5,6,6,7,0,5,5.5,6
"f24448798",19,0,3,"",0,NA,1,"",NA,1,NA,NA,NA,NA,NA,12,4,0,0,NA,NA,1,NA,NA,NA,1,1,1,NA,NA,NA,NA,1,1,1,1,1,1,1,1,NA,1,1,NA,1,1,1,1,1,1,1,8.5,6,5,5,7,4,5,4.5,6.5,6,5,4.5,5,6,5,8.5,5.5,5.5,5,8.5,3,7.5,4.5,5.5,7,4.5,3,3,6,5.5
"f24374358",18,0,1,"",0,NA,1,"",NA,NA,NA,NA,NA,1,NA,11,6,0,0,NA,NA,1,1,1,1,1,1,1,NA,NA,NA,NA,NA,1,NA,1,1,1,NA,NA,NA,NA,NA,NA,NA,1,NA,1,1,1,NA,6,5,7,6,7,6,7,7,6,5.5,6.5,3,6,5,6,5.5,6.5,7.5,5.5,10,6.5,7,6.5,7,5.5,5,2.5,5,4.5,5.5
"f24772734",19,0,3,"",0,NA,1,"",1,NA,NA,NA,NA,NA,NA,1,4,0,0,NA,1,1,1,NA,NA,NA,1,1,1,1,1,NA,1,1,1,NA,1,1,1,NA,NA,NA,NA,NA,NA,NA,NA,NA,NA,1,1,6.5,7.5,6,7.5,7,7.5,7,8,9,7,6.5,8.5,8,5.5,8,5,5,7.5,6,6,7,4.5,5.5,6.5,6.5,5.5,8,5.5,2,5
"f24723820",19,1,3,"",1,NA,1,"",1,NA,NA,NA,NA,NA,NA,11,4,0,2,NA,1,1,1,NA,NA,1,1,1,NA,NA,NA,NA,1,NA,1,NA,NA,1,1,1,1,1,1,1,NA,1,1,NA,1,1,NA,5.5,6,5,6,10,5,6,5,5,5,5.5,5,5,5,5.5,5.5,10,5,8,10,7.5,10,5.5,6,5,6,4,5,5,6.5
"f24732519",18,0,3,"",0,NA,1,"",NA,NA,NA,NA,NA,1,NA,10,6,0,0,NA,NA,NA,1,1,1,NA,1,1,1,1,1,1,1,1,1,1,1,1,NA,NA,NA,NA,NA,NA,NA,1,NA,1,1,1,1,8.5,6,5,6,5.5,5,8,7,6.5,6.5,8,3,7,9,7,8.5,7.5,5,6,9,5,8,6,6.5,6,6.5,1.5,4.5,8,6
"f24450377",21,1,3,"",1,NA,1,"",NA,NA,1,NA,NA,NA,NA,11,5,0,0,NA,1,1,1,NA,NA,NA,NA,1,1,1,NA,NA,NA,NA,1,NA,NA,1,1,1,NA,NA,NA,NA,NA,1,NA,1,1,1,1,6.5,9.5,5.5,8.5,5.5,7.5,8,8,9,7.5,7.5,0.5,4.5,4.5,7,7.5,6.5,7,7,8,8.5,9,6,9,8,5,0,5,7,8
"f24454589",18,0,3,"",0,NA,1,"",NA,1,NA,NA,NA,NA,NA,1,4,0,0,NA,NA,1,NA,NA,NA,1,1,1,1,1,1,1,1,1,1,NA,NA,1,1,1,NA,NA,NA,NA,NA,NA,NA,NA,NA,1,1,5,6.5,5.5,6,6.5,6.5,6.5,6,5.5,4.5,6.5,5,6.5,5,5,4,6,5.5,6,7,5,7,5,6,5,5,5.5,5,5,5.5
"f24318905",21,1,1,"",1,NA,1,"",NA,NA,NA,NA,NA,1,NA,11,6,0,0,NA,1,1,1,1,1,NA,1,1,1,1,1,NA,1,1,1,1,1,1,1,1,NA,1,1,NA,NA,1,1,1,1,1,1,5.5,7,7,6.5,4,4,6.5,6,6,2,5,3,4,4.5,3,5.5,7,7,3.5,5,3,5,5,6,2.5,4,2,3.5,5,4
"f24308524",18,0,3,"",0,NA,1,"",NA,NA,1,NA,NA,NA,NA,10,4,0,0,NA,1,1,NA,NA,NA,NA,1,1,1,NA,NA,NA,NA,NA,1,NA,1,NA,NA,NA,NA,NA,NA,NA,NA,NA,NA,1,NA,1,1,8.5,8.5,5.5,6.5,5.5,7.5,8.5,8,8.5,8,5,0,5.5,6.5,6.5,8.5,8.5,9.5,4,10,6,8,6,10,7.5,5,0,6,5,6.5
"f24240986",18,0,3,"",0,NA,1,"",NA,NA,NA,NA,NA,1,NA,11,7,0,0,NA,NA,NA,NA,1,1,1,1,1,1,NA,NA,NA,1,1,1,1,1,1,1,1,NA,NA,1,NA,NA,1,NA,1,1,1,NA,5.5,8.5,5.5,7.5,8.5,7,9.5,7,8,7.5,8,0.5,7.5,6,6.5,5.5,8,4,5.5,9,5.5,8.5,5.5,6.5,6.5,6.5,0,8.5,7.5,4.5
"f24975881",19,0,3,"",0,NA,1,"",NA,NA,NA,NA,1,NA,NA,6,3,0,0,NA,1,1,NA,NA,NA,1,1,1,1,1,NA,NA,NA,NA,NA,NA,1,1,NA,NA,NA,1,1,1,NA,NA,NA,NA,NA,1,NA,7,7,5.5,6,6,6,7.5,6.5,6.5,8,5,6.5,9,7.5,7.5,6.5,7,8,8,9,5,8.5,7.5,8,8,6.5,8,6,6.5,6
"f24242475",18,1,3,"",1,NA,1,"",1,NA,NA,NA,NA,NA,NA,11,5,0,0,NA,NA,1,1,1,NA,1,1,1,NA,NA,NA,NA,1,1,1,1,1,1,1,1,NA,NA,NA,NA,NA,1,NA,1,1,1,1,6.5,7,3.5,5,2.5,5,6,6,6,4,4.5,0,5.5,4.5,5,5.5,3.5,4,4,4,4,5,6,6.5,4.5,5,0,4,4,5.5
"f24958454",18,0,1,"",0,NA,1,"",NA,NA,NA,NA,NA,1,NA,10,7,0,0,NA,NA,1,1,1,1,1,1,1,1,NA,NA,NA,1,1,1,1,1,1,1,1,1,1,1,1,1,1,1,1,1,1,1,6,6.5,6.5,6.5,9,6.5,9,6.5,10,6.5,6,2.5,6.5,6,7,6,5.5,6,5.5,9,5,8.5,5.5,8.5,5.5,5,2.5,4.5,5,6
"f24494329",19,1,3,"",1,NA,1,"",NA,NA,1,NA,NA,NA,NA,2,6,0,0,NA,1,1,1,1,1,1,1,1,1,1,NA,NA,1,1,1,1,1,1,1,1,1,1,1,1,1,1,1,1,1,1,1,6,6.5,5.5,7,5,5.5,6.5,7,6.5,5,5,5,5,5.5,5,7,7,6,6.5,7.5,6,7,7.5,7.5,6,5,6,6,7,6
"f24556178",21,1,3,"",1,NA,1,"",NA,NA,NA,NA,1,NA,NA,12,4,0,0,1,1,1,1,1,1,NA,1,1,1,1,NA,NA,NA,NA,1,NA,1,1,1,1,1,1,1,1,1,1,1,1,1,1,1,6.5,7,4.5,7.5,6.5,8,8,6,7,6.5,7,5,6,7,6.5,6.5,8.5,6.5,7.5,7.5,7.5,7.5,6,7,8,6.5,5,7,8,7.5
"f24425885",20,1,3,"",1,NA,1,"",NA,NA,NA,NA,NA,1,NA,10,6,1,2,NA,1,1,1,1,NA,1,1,1,1,NA,NA,NA,1,NA,NA,NA,1,1,1,1,NA,1,NA,NA,NA,NA,NA,1,1,1,1,8.5,7.5,3.5,7,6,7,7.5,5.5,7,5.5,9.5,0,8,7.5,8,9,7.5,6,7,6,7,9,7.5,7,7,7.5,0,7.5,8.5,7.5
"f24686203",20,0,3,"",0,NA,1,"",NA,NA,1,NA,NA,1,NA,11,5,0,0,NA,1,1,1,1,NA,NA,NA,1,1,1,1,NA,1,1,1,1,1,1,1,1,1,NA,NA,NA,NA,NA,NA,1,1,1,1,9,8.5,5,6,5.5,6.5,6,8.5,7,6,7,4.5,7,7,6.5,8.5,9,5.5,10,10,8,8,8,10,9.5,8.5,4,7,8,9.5
"f24131495",18,0,3,"",0,NA,1,"",1,NA,NA,NA,NA,NA,NA,10,6,0,0,NA,NA,NA,1,1,1,1,1,1,NA,NA,NA,NA,1,NA,NA,NA,NA,1,NA,NA,NA,NA,NA,NA,NA,NA,NA,1,1,1,NA,7,7,5,6.5,7,6,7.5,7,6.5,5.5,7,5,7,8.5,6,7,5.5,5.5,6,6.5,5,7.5,6,7.5,6,7,2.5,5,8.5,6.5
"f24520687",20,0,1,"",2,NA,1,"",NA,NA,1,NA,NA,1,NA,12,7,0,0,NA,NA,NA,NA,1,1,NA,1,1,1,1,NA,NA,1,1,1,1,1,1,1,1,NA,1,1,1,1,1,1,1,1,1,1,7,8.5,5,7,5,5,7.5,9,8,5,7,2,6,3.5,6,4.5,9.5,4.5,6.5,4.5,4.5,9,9,6,2.5,6,1.5,5,1,7
"f2414182",20,1,3,"",1,NA,1,"",1,NA,1,NA,NA,NA,NA,1,4,0,0,NA,1,1,1,1,1,NA,NA,1,1,1,1,NA,1,1,1,1,1,1,1,1,1,1,1,1,1,1,1,1,1,1,1,5,8.5,6.5,5,5.5,5,6,5,7.5,5.5,6,3,6,7,5.5,6,8.5,5.5,6.5,7,5.5,7.5,5,8.5,7,5,2.5,4.5,7,6
"f24902543",18,0,3,"",0,NA,1,"",NA,NA,1,NA,NA,NA,NA,10,4,0,0,NA,NA,1,NA,NA,NA,1,1,1,NA,NA,NA,NA,1,1,1,1,1,1,NA,1,NA,NA,NA,NA,NA,NA,NA,1,NA,1,1,7.5,7.5,4,7,6,5.5,6.5,8,6,6,5,3.5,6,6,6,6.5,6.5,1.5,5,7,5.5,4.5,5,7,6,3,0,6.5,5,4
"f24456586",19,0,3,"",0,NA,1,"",NA,NA,1,NA,NA,NA,NA,10,4,0,0,NA,1,1,1,1,1,1,1,1,1,NA,NA,NA,1,NA,1,NA,NA,1,1,1,1,1,1,1,NA,NA,NA,1,NA,1,NA,4,7.5,5,6.5,7.5,7.5,7,7,7.5,6,6.5,0.5,6,5,6,2,7,3.5,6.5,8,7.5,7,6,8,6,6.5,0,4.5,5,6.5
"f24617278",19,0,3,"",0,NA,1,"",NA,NA,NA,NA,NA,1,NA,2,6,0,0,NA,NA,NA,1,1,1,NA,1,1,1,NA,NA,NA,NA,NA,NA,NA,NA,1,NA,1,1,1,1,1,1,1,1,1,1,1,NA,7,6.5,5,6.5,7.5,6.5,7,5,7,5,6.5,1,3,3,6.5,6,5,4.5,5.5,8.5,8.5,7,4.5,5.5,5,7,0.5,4,5,6.5
"f24470380",18,0,3,"",0,NA,1,"",1,NA,NA,NA,NA,NA,NA,12,3,0,0,NA,1,1,1,NA,NA,1,1,1,1,1,1,NA,1,NA,NA,NA,NA,NA,NA,NA,NA,NA,NA,NA,NA,NA,NA,NA,NA,1,1,8.5,3,5,6.5,9.5,6.5,7,8,7.5,8,9,4,7.5,5,7.5,5,2.5,4.5,6.5,10,6.5,4,6.5,6.5,7.5,6,3,6,5,7
"f24600471",19,0,3,"",0,NA,1,"",NA,NA,NA,NA,NA,1,NA,12,6,0,0,NA,NA,NA,NA,1,NA,NA,NA,1,NA,NA,NA,NA,NA,NA,NA,NA,NA,1,NA,1,NA,NA,NA,NA,NA,NA,NA,NA,NA,1,NA,5.5,7,5,6,5.5,7.5,6,7,7,6.5,6,2.5,7,6.5,6,9,6.5,1.5,5,5.5,5,7.5,6.5,8,5.5,8,0,7,7,7
"f24949065",20,1,3,"",1,NA,1,"",NA,NA,1,NA,NA,1,NA,10,5,0,0,NA,1,1,1,NA,NA,1,1,1,1,1,1,NA,NA,NA,1,NA,NA,1,NA,1,NA,NA,NA,NA,NA,NA,NA,NA,NA,1,NA,7,6.5,5,6,5,5,6,7.5,6.5,7.5,6,3,5,6,5,8.5,6,3,4,7.5,5,5.5,6.5,7,8.5,6.5,0,9,6,5.5
"f24788628",19,0,3,"",0,NA,1,"",NA,NA,NA,NA,NA,1,NA,11,6,0,0,NA,NA,1,1,1,NA,NA,1,1,1,1,NA,NA,1,1,1,1,NA,1,1,NA,NA,NA,1,NA,NA,1,1,1,1,1,NA,6.5,6.5,4,6.5,7.5,5.5,6.5,6,6.5,6,6.5,0,8,5.5,6,6.5,4.5,3,6,5.5,5.5,5,5,6,5,6,0,3.5,3,5
"f24132980",20,0,3,"",0,NA,1,"",NA,NA,NA,NA,NA,1,NA,12,6,0,0,NA,1,1,1,1,NA,NA,1,1,1,1,NA,NA,1,1,1,NA,1,1,1,1,NA,NA,1,1,1,1,1,1,1,1,1,8,7.5,7,6,5.5,8,6.5,7,6.5,6,7,4,7,7.5,8.5,6.5,6,6,6,5.5,6.5,5,6.5,7,7.5,6,1,6,6.5,7
"f24238825",18,0,3,"",0,NA,1,"",NA,NA,1,NA,NA,NA,NA,1,4,0,1,NA,1,1,NA,NA,NA,1,1,1,NA,NA,NA,NA,1,NA,1,NA,NA,1,1,NA,NA,NA,NA,NA,NA,NA,NA,NA,NA,1,NA,7,8,7,7,7,8,8,7,7.5,7,6.5,8,6.5,5,7.5,5.5,6.5,6.5,7,6.5,7.5,6.5,5,7,7,6.5,8.5,4.5,4.5,6
"f24821649",21,0,3,"",0,NA,1,"",1,NA,NA,NA,NA,NA,NA,10,7,0,0,NA,NA,1,1,1,1,NA,NA,NA,1,1,NA,NA,NA,NA,NA,NA,NA,1,NA,1,NA,NA,NA,NA,NA,1,NA,1,1,1,NA,9,6.5,2.5,7.5,5.5,8,7,3.5,8.5,4.5,8.5,0.5,5.5,9,6,10,5.5,7.5,5,7.5,8,8.5,7.5,9.5,2.5,7.5,0.5,7,9,3.5
"f24102355",20,0,3,"",0,NA,1,"",NA,NA,1,NA,NA,NA,NA,1,5,0,0,NA,1,1,1,NA,NA,NA,NA,1,1,1,1,NA,1,1,1,1,1,1,1,1,NA,NA,NA,NA,NA,NA,NA,NA,NA,1,NA,6,6,6,6,6.5,6,7,6,7,6,6,6.5,6.5,6.5,6,5,5.5,5.5,5,8,6,9,6,6.5,6,5,7,6,5.5,5.5
"f24360216",18,0,3,"",0,NA,1,"",NA,NA,NA,NA,NA,1,NA,11,6,0,0,NA,NA,1,1,1,1,1,1,1,NA,NA,NA,NA,1,1,1,1,1,1,1,1,NA,NA,1,NA,NA,NA,NA,1,1,1,NA,7,8,6,6.5,5.5,7.5,9,6,8,7.5,6.5,3,5.5,6.5,5,6,6,7.5,7.5,8,6.5,8.5,6,7,8,6,0,5,6,5.5
"f24392103",19,0,3,"",0,NA,1,"",NA,1,1,NA,NA,NA,NA,1,3,0,0,NA,1,1,1,1,NA,1,1,1,1,NA,NA,NA,1,1,1,NA,NA,1,1,NA,NA,NA,NA,NA,NA,NA,NA,NA,1,1,1,5.5,7.5,5,6.5,5.5,5,8.5,7,6.5,5,5,6,5.5,5,5,7.5,7,5.5,5.5,7.5,4.5,7,6,7.5,5,5,5,5.5,5,5
"f24632338",18,1,3,"",1,NA,1,"",1,NA,NA,NA,NA,1,NA,5,5,0,0,NA,1,1,1,1,NA,1,1,1,1,NA,NA,NA,NA,NA,1,NA,NA,1,1,1,1,1,1,1,NA,1,NA,1,1,1,NA,7,7.5,4.5,6,5.5,6,7,7,6,5.5,7.5,3,5,6.5,6,6.5,4.5,4,4.5,9,4.5,7.5,7.5,4,6.5,6.5,2,8.5,7,7
"f24252921",19,0,1,"",0,NA,1,"",1,NA,NA,NA,NA,NA,NA,12,7,0,0,NA,NA,NA,NA,1,1,NA,1,1,1,1,NA,NA,1,1,1,1,1,1,1,NA,NA,NA,1,NA,NA,1,NA,1,1,1,1,7.5,7.5,7.5,6,6.5,6,6,7,8.5,7.5,6.5,2.5,6,4.5,6.5,7,8,9,7,7,5.5,7,7.5,8.5,9.5,5.5,2,6.5,4.5,7
"f24180130",18,0,3,"",0,NA,1,"",1,NA,NA,NA,NA,NA,NA,12,6,0,0,NA,NA,NA,NA,1,NA,1,1,NA,NA,NA,NA,NA,1,1,1,1,1,NA,NA,NA,NA,NA,1,1,NA,1,1,NA,NA,1,NA,7.5,7,6.5,7,8,6,6,6.5,7.5,7,6,5,6.5,5,6,7,7,7.5,4,9.5,5,4.5,7.5,7,8,5,6,7.5,5,7
"f24380526",18,0,3,"",0,NA,1,"",1,NA,NA,NA,NA,NA,NA,11,7,0,0,NA,NA,NA,1,1,1,1,1,1,1,NA,NA,NA,1,1,1,1,1,1,1,1,NA,1,1,1,1,1,1,1,1,1,1,7,9,7,9.5,8,8.5,9,8,9.5,9.5,9.5,0.5,10,7,9,5,9,9,9,9.5,7.5,7,6.5,8,9.5,8,1,9.5,6.5,7
"f2470262",18,0,1,"",0,NA,1,"",1,NA,NA,NA,NA,1,NA,11,7,0,0,NA,NA,1,1,1,1,1,1,1,NA,NA,NA,NA,1,1,1,1,1,1,NA,NA,NA,NA,1,NA,NA,1,1,1,1,1,1,7,7,7,5.5,5,6,6.5,6,6.5,6,6,0,6,5.5,5,6,7,7.5,5,5,7.5,7.5,6.5,6.5,6.5,6,0,7.5,6,5
"f24716439",20,0,3,"",0,NA,1,"",NA,NA,1,NA,NA,NA,NA,2,4,0,0,NA,NA,NA,NA,NA,NA,NA,NA,1,1,1,1,NA,1,1,1,1,1,1,NA,1,NA,NA,NA,NA,NA,NA,NA,NA,NA,1,1,6,6.5,4,5,7.5,6,6,6,6.5,5.5,7,6,6.5,5,7,3,7,2,4.5,9.5,5,7.5,4.5,5.5,3,6.5,6.5,5.5,5,6
"f24367768",19,0,3,"",0,NA,1,"",NA,NA,NA,NA,1,NA,NA,12,6,0,1,NA,1,1,1,1,NA,NA,1,1,1,1,NA,NA,1,1,1,1,1,1,1,1,1,1,1,1,1,1,1,1,1,1,1,6,5.5,5.5,5.5,4,5,8,6.5,6,6.5,4.5,3,4.5,4,5.5,5.5,6,6.5,6.5,4.5,5.5,10,7,6,7.5,5.5,2,5,4.5,6
"f24898520",18,0,1,"",0,NA,1,"",1,NA,NA,NA,NA,1,NA,12,7,0,0,NA,NA,NA,1,1,1,1,1,NA,NA,NA,NA,NA,1,1,1,1,1,1,NA,NA,NA,NA,1,NA,1,1,1,1,1,1,1,7,5.5,6,6.5,7,7,7.5,6,6,7,6.5,1,5,6.5,5,6,5.5,6.5,7,8,7.5,6.5,5.5,6,7,5.5,0.5,5.5,5,6
"f24756874",19,1,1,"",1,NA,1,"",NA,NA,NA,NA,NA,1,NA,10,6,0,0,NA,NA,NA,1,1,1,1,1,1,1,NA,NA,NA,1,NA,1,NA,NA,1,NA,NA,NA,NA,NA,NA,NA,NA,NA,1,1,1,NA,5,5,2.5,5.5,6.5,5,6,6.5,5,2,6,0.5,5.5,5.5,3.5,4.5,4,3.5,7,7,4.5,5,6.5,5,2.5,4.5,0,6,5,4
"f24585959",18,0,3,"",0,NA,1,"",NA,NA,NA,NA,NA,1,NA,2,5,0,0,NA,1,1,1,1,1,1,1,1,NA,NA,NA,NA,1,1,1,1,1,1,1,1,NA,NA,1,NA,NA,1,1,1,NA,1,1,5.5,7,7,7.5,5,6,8.5,7.5,7.5,5,7,2.5,5,5,5,6,7.5,7.5,8.5,4.5,6,9,7.5,7.5,5,7.5,5,5.5,4.5,6.5
"f24800817",19,0,3,"",0,NA,1,"",NA,NA,NA,NA,NA,1,NA,1,6,0,0,NA,1,1,1,1,1,1,1,1,1,NA,NA,NA,1,1,1,1,1,1,1,1,1,1,1,1,1,1,1,1,1,1,1,7,8.5,7,9,6,8,9,8,9,6,9,4.5,6.5,7.5,7,5.5,8,9,8.5,8.5,8.5,8.5,7.5,9,8.5,7.5,1.5,6,6.5,8.5
"f24767183",19,0,3,"",0,NA,1,"",NA,NA,NA,NA,NA,1,NA,10,4,0,0,NA,1,1,1,1,NA,NA,1,1,1,1,NA,NA,NA,NA,NA,NA,NA,1,1,1,1,1,1,1,NA,1,1,1,1,1,1,7,5.5,4,7,6.5,5,6.5,6.5,7,6,6.5,0,6.5,6.5,7,7,6,5,7,7.5,7,7.5,7,7,6,7.5,0,7,6,7
"f24254223",20,0,3,"",0,NA,1,"",NA,NA,1,NA,NA,NA,NA,1,4,0,0,NA,NA,1,NA,NA,NA,NA,1,1,1,1,1,NA,1,1,1,1,1,1,1,1,NA,1,1,NA,NA,NA,NA,NA,NA,1,NA,7,5,5,5.5,6,5.5,6,6.5,6.5,2,3.5,3.5,6.5,2,6,7,5,6.5,4,4.5,5,7.5,4.5,6,1,2,5,4,2,3.5
"f24776242",18,0,3,"",0,NA,1,"",1,NA,NA,NA,NA,1,NA,10,6,0,0,NA,NA,1,1,1,1,1,1,1,NA,NA,NA,NA,1,1,NA,NA,NA,1,NA,1,NA,NA,1,NA,NA,NA,NA,1,NA,1,NA,5,8,5,7,8,7,9,6,8,8,8,5,6.5,7,7.5,6,7,5.5,7,8.5,8,8,7,8,8,7,3,6,7,6.5
"f24289238",18,1,3,"",1,NA,1,"",NA,NA,1,NA,NA,NA,NA,10,6,0,1,NA,1,1,1,1,NA,1,1,1,NA,NA,NA,NA,1,1,1,1,NA,1,NA,1,NA,NA,NA,NA,NA,NA,NA,1,1,1,NA,6.5,5.5,7,7,6.5,8,6,7,7,5.5,6.5,3,5,5,5,7.5,5,7.5,7,7.5,6,7,6,8,4,6,0.5,5.5,5,4.5
"f24207382",19,0,3,"",0,NA,1,"",NA,NA,NA,NA,NA,1,NA,10,6,0,0,NA,NA,1,1,1,1,NA,1,1,1,1,NA,NA,NA,NA,NA,NA,NA,1,1,1,NA,NA,NA,NA,NA,NA,NA,1,NA,1,1,8,7,5,6,6.5,6,7,6.5,7,7,6,5,7,5,6,8.5,8.5,5.5,7,8,7.5,6,6.5,7,9,6.5,1.5,7.5,5,7.5
"f24225008",19,0,3,"",0,NA,1,"",NA,NA,NA,NA,NA,1,NA,11,6,0,0,NA,1,1,1,1,1,NA,1,1,1,1,1,NA,1,1,1,NA,NA,1,1,1,NA,NA,1,NA,NA,1,NA,1,1,1,NA,6.5,7.5,5,5,6.5,6,8,6,7,6,6.5,1.5,5.5,5.5,6,5.5,7,5,5,6.5,7.5,8.5,5.5,7,7.5,6.5,1,5,5.5,6.5
"f24841388",19,0,3,"",0,NA,1,"",NA,NA,1,NA,NA,NA,NA,2,6,1,0,NA,NA,1,1,1,NA,NA,1,1,1,NA,NA,NA,NA,NA,1,NA,NA,1,NA,1,NA,NA,NA,NA,NA,NA,NA,NA,1,1,1,9,10,8.5,10,7.5,8.5,10,10,10,9,9,5,7.5,8,5,7.5,10,9,10,10,8,10,10,10,10,7,5,9.5,6.5,10
"f24604606",20,0,3,"",0,NA,1,"",NA,NA,1,NA,NA,NA,NA,11,7,0,0,NA,NA,NA,NA,1,1,NA,NA,1,1,1,NA,NA,1,1,1,1,1,1,1,1,NA,NA,1,NA,1,1,1,1,1,1,1,5.5,9,7.5,7,5.5,8,8,10,9.5,7,6.5,1,8,7,8,4.5,10,7.5,7.5,10,5.5,8,7.5,9.5,1.5,6,0,5.5,4.5,5
"f24827485",18,0,1,"",0,NA,1,"",NA,NA,NA,NA,NA,1,NA,11,6,0,2,NA,NA,NA,1,1,1,1,1,NA,NA,NA,NA,NA,1,1,1,1,1,1,NA,NA,NA,NA,1,1,NA,NA,NA,1,1,1,NA,7.5,6.5,5.5,7,5,6.5,8.5,6.5,8,5.5,6,2,5,5,5,8,6.5,7.5,7,5.5,6,8,6.5,6.5,5.5,6.5,1.5,5,5.5,7
"f24612688",18,0,3,"",0,NA,1,"",NA,NA,NA,NA,NA,1,NA,1,6,0,0,NA,NA,1,1,1,NA,1,1,1,NA,NA,NA,NA,1,1,1,1,1,1,1,1,NA,NA,NA,NA,NA,NA,NA,1,1,1,NA,5.5,7,2.5,6,5.5,6,5,6,6.5,6,6,5.5,6.5,5,6,6,7,7,6.5,7,6.5,6.5,6,7,7,6,6,6.5,5,6
"f24703185",20,0,3,"",0,NA,1,"",1,NA,NA,NA,NA,NA,NA,12,5,0,2,NA,1,1,1,NA,NA,NA,NA,1,1,1,1,1,1,1,1,1,1,1,NA,NA,NA,NA,NA,NA,NA,NA,NA,1,1,1,NA,9.5,10,9,9,10,9.5,10,10,10,9.5,10,0,10,9.5,10,7,10,7.5,7,7,7,6.5,8.5,7,5.5,9,0,7.5,7,8
"f24926860",19,0,3,"",0,NA,1,"",NA,NA,NA,NA,NA,1,NA,12,3,0,0,NA,1,1,NA,NA,NA,1,1,1,1,1,1,NA,NA,NA,NA,NA,NA,1,NA,NA,NA,NA,NA,1,NA,NA,NA,1,1,1,NA,6.5,6.5,5,7,7,7,6,5.5,7,7.5,5,3.5,6.5,5,5.5,6,5,4.5,5,6,6.5,5.5,5,7,7,5.5,3,5,5,6
