"PIN","sex","age","dq_ethnicity_1","dq_ethnicity_2","dq_ethnicity_3","dq_ethnicity_4","dq_ethnicity_5","dq_ethnicity_6","dq_religion1","dq_religion2","dq_religion3","dq_religion4","dq_religion5","dq_religion6","dq_religion7","dq_religion8","dq_religion9","dq_religion10","dq_religion11","dq_religion12","dq_politics1","dq_politics2","dq_politics3","dq_politics4","dq_politics5","dq_politics6","dq_politics7","dq_age18","dq_age19","dq_age20","dq_age21","dq_age22","dq_age23_25","dq_age26","self_race1","self_race2","self_race3","self_race4","self_race5","self_race6","self_race7","self_religion","self_politics","ideal_affectionate","ideal_ambition","ideal_artistic","ideal_disposition","ideal_family","ideal_health","ideal_humor","ideal_intelligent","ideal_kind","ideal_parenting","ideal_physatt","ideal_religious","ideal_resources","ideal_sexy","ideal_status","self_affectionate_comp","self_ambition_comp","self_artistic_comp","self_disposition_comp","self_family_comp","self_health_comp","self_humor_comp","self_intelligent_comp","self_kind_comp","self_parenting_comp","self_physatt_comp","self_religious_comp","self_resources_comp","self_sexy_comp","self_status_comp"
289,0,22,NA,NA,NA,NA,NA,NA,NA,NA,NA,NA,NA,NA,NA,NA,NA,NA,NA,NA,1,1,NA,NA,NA,NA,1,NA,NA,1,NA,NA,NA,NA,NA,NA,1,NA,NA,NA,NA,2,5,8,8,7,8,8,7,8,7,10,10,7,7,8,9,7,8,6,7,7,7,6,8,7,9,9,9,8,7,8,7
263,0,19,NA,1,NA,NA,NA,NA,1,NA,NA,NA,NA,NA,NA,NA,NA,NA,NA,NA,NA,NA,NA,NA,1,NA,NA,NA,1,NA,NA,NA,NA,NA,NA,1,NA,NA,NA,NA,NA,12,4,10,7,7,7,9,7,7,8,8,9,8,9,10,10,7,6,7,7,6,6,8,4,6,7,8,6,5,7,7,4
277,0,23,1,NA,NA,NA,1,NA,NA,NA,NA,NA,NA,NA,NA,NA,NA,1,NA,NA,NA,NA,NA,NA,NA,1,1,NA,NA,NA,NA,NA,1,NA,NA,NA,NA,NA,NA,1,NA,12,4,8,8,7,9,10,8,10,10,9,10,10,10,8,5,8,9,6,8,10,10,5,9,8,10,9,10,10,8,8,8
437,0,18,1,NA,NA,NA,NA,NA,NA,NA,NA,1,NA,NA,1,NA,NA,NA,1,NA,NA,NA,NA,NA,NA,1,NA,NA,NA,NA,NA,NA,1,NA,NA,NA,NA,NA,NA,1,NA,1,3,7,6,6,3,6,7,6,5,8,5,5,6,3,5,5,6,4,6,6,2,4,6,4,5,6,5,8,4,7,5
333,0,22,NA,NA,NA,NA,NA,NA,NA,1,1,1,1,1,NA,NA,NA,NA,NA,NA,1,1,1,NA,NA,NA,NA,NA,NA,NA,NA,NA,1,NA,NA,NA,NA,NA,NA,1,NA,11,5,7,8,5,7,7,8,9,8,9,9,8,6,6,7,7,9,7,6,7,5,8,9,8,8,10,9,8,6,9,5
262,0,22,1,NA,1,1,1,1,1,1,NA,NA,NA,NA,NA,NA,NA,NA,NA,NA,1,NA,NA,NA,NA,NA,NA,NA,1,NA,NA,NA,1,NA,NA,1,NA,NA,NA,1,NA,13,4,4,5,6,5,4,4,4,5,4,6,4,6,4,7,7,6,5,7,5,6,5,5,4,7,6,7,6,5,6,5
352,0,21,NA,NA,NA,NA,NA,1,NA,NA,NA,NA,NA,NA,1,NA,NA,NA,NA,NA,NA,NA,NA,NA,1,NA,NA,NA,NA,NA,NA,NA,1,NA,NA,NA,NA,NA,NA,1,NA,7,3,6,7,6,6,6,8,4,5,4,5,4,4,7,6,3,5,7,5,6,6,8,5,7,5,6,7,2,6,7,5
261,0,25,NA,NA,NA,NA,NA,NA,NA,1,1,1,1,1,1,1,1,1,1,1,1,NA,NA,NA,NA,NA,NA,1,NA,NA,NA,NA,NA,NA,1,NA,NA,NA,NA,NA,NA,1,6,9,4,7,5,8,5,7,5,5,7,6,0,5,5,5,8,6,6,5,6,4,6,5,7,7,6,3,5,7,7
427,0,20,NA,NA,NA,NA,NA,NA,NA,NA,1,NA,NA,NA,NA,NA,NA,NA,NA,NA,1,NA,NA,NA,NA,NA,1,NA,NA,NA,NA,NA,1,NA,NA,NA,NA,NA,NA,1,NA,2,3,6,3,4,6,7,5,5,6,6,2,5,3,4,7,6,6,3,5,4,6,6,6,6,5,4,7,4,5,5,6
492,0,26,NA,1,NA,NA,NA,NA,NA,NA,NA,NA,NA,NA,NA,1,NA,1,NA,NA,NA,NA,NA,NA,1,1,1,NA,NA,NA,NA,NA,1,NA,NA,NA,NA,NA,NA,1,NA,12,1,6,4,6,3,7,5,5,4,6,8,5,1,5,5,5,5,6,4,3,5,3,5,5,5,6,5,4,3,6,3
369,0,20,NA,NA,NA,NA,NA,NA,NA,NA,NA,NA,NA,NA,NA,NA,NA,NA,NA,NA,1,1,NA,NA,NA,NA,1,NA,NA,1,NA,NA,NA,NA,NA,NA,1,NA,NA,NA,NA,2,5,8,8,8,7,5,5,8,7,7,3,5,0,7,6,5,9,6,7,4,1,3,6,6,6,2,6,0,6,6,3
420,0,26,NA,NA,NA,NA,NA,NA,NA,NA,NA,NA,NA,NA,NA,NA,NA,1,1,NA,NA,NA,NA,NA,NA,NA,NA,NA,NA,1,NA,NA,1,NA,NA,NA,1,NA,NA,1,NA,2,3,6,7,5,3,4,5,6,5,4,4,7,2,3,4,6,6,7,5,5,4,6,5,6,5,3,6,3,5,6,6
407,0,25,NA,NA,NA,NA,1,NA,NA,NA,NA,NA,NA,NA,1,NA,NA,NA,NA,NA,NA,NA,NA,NA,NA,1,NA,NA,1,NA,NA,NA,NA,NA,NA,1,NA,NA,NA,NA,NA,1,1,7,5,7,6,6,7,6,7,5,6,9,9,7,9,7,7,8,9,9,7,10,8,9,7,8,8,9,9,10,10
313,0,24,NA,NA,1,NA,NA,NA,NA,NA,NA,NA,NA,NA,NA,NA,1,NA,NA,NA,1,NA,NA,NA,NA,NA,NA,NA,NA,NA,NA,NA,1,NA,NA,NA,NA,NA,NA,1,NA,13,4,5,4,5,4,5,6,5,5,1,2,4,9,3,2,6,4,4,1,4,4,4,4,4,2,2,3,5,4,3,2
250,0,26,1,NA,NA,NA,NA,NA,NA,NA,NA,1,1,1,NA,1,1,NA,1,NA,NA,1,1,1,NA,NA,NA,NA,NA,NA,NA,NA,1,NA,NA,NA,NA,NA,NA,1,NA,12,2,9,9,7,9,10,8,8,6,8,9,7,7,8,10,8,8,5,1,5,7,3,7,5,7,7,6,5,5,8,4
448,0,25,NA,1,NA,1,1,NA,1,NA,NA,NA,NA,NA,NA,NA,NA,NA,1,NA,NA,NA,NA,NA,1,NA,NA,NA,NA,NA,NA,NA,1,NA,NA,NA,NA,NA,NA,1,NA,12,6,6,6,6,6,6,7,6,6,7,8,7,5,7,7,6,6,6,6,4,8,3,6,7,7,7,8,1,3,9,6
429,0,18,1,NA,1,NA,1,NA,NA,NA,1,NA,NA,NA,1,NA,1,1,NA,NA,1,NA,NA,NA,NA,NA,NA,NA,NA,NA,NA,NA,1,NA,NA,NA,NA,NA,NA,1,NA,12,5,10,10,6,9,10,8,10,8,8,8,9,8,10,8,9,8,7,4,7,3,6,9,6,6,7,6,6,6,6,4
310,0,19,NA,1,NA,NA,NA,NA,NA,1,NA,NA,NA,NA,1,1,1,NA,NA,NA,NA,NA,NA,NA,NA,NA,1,NA,NA,NA,NA,NA,1,NA,NA,NA,NA,NA,NA,1,NA,10,3,8,8,8,7,8,8,7,10,8,6,6,1,7,7,6,7,6,4,5,4,4,5,6,7,4,6,3,4,4,4
319,0,22,NA,NA,NA,NA,NA,NA,NA,NA,NA,NA,NA,NA,NA,NA,NA,1,1,NA,1,1,1,1,NA,NA,NA,NA,NA,1,NA,NA,NA,NA,NA,NA,1,NA,NA,NA,NA,2,7,6,9,6,4,5,5,7,4,7,6,4,6,5,5,6,7,5,8,5,6,5,7,7,6,6,4,6,6,6,7
439,0,22,NA,NA,NA,NA,NA,1,NA,NA,NA,NA,NA,NA,NA,NA,NA,NA,NA,1,NA,1,NA,NA,NA,NA,NA,NA,NA,NA,NA,NA,1,NA,NA,NA,NA,NA,NA,1,NA,12,2,7,9,6,10,8,8,7,9,7,9,7,9,9,7,8,4,6,7,6,6,6,7,5,6,7,5,8,6,6,6
305,0,24,NA,NA,NA,NA,NA,NA,NA,NA,NA,NA,NA,NA,NA,NA,NA,NA,NA,NA,NA,NA,NA,NA,NA,NA,NA,NA,1,NA,NA,NA,NA,NA,NA,1,NA,NA,NA,NA,NA,12,7,9,7,6,5,4,6,6,6,8,9,6,1,7,7,6,8,5,6,4,5,5,6,6,7,7,4,0,3,8,7
349,0,23,NA,1,NA,NA,1,NA,NA,NA,NA,NA,NA,NA,1,NA,NA,NA,NA,NA,NA,NA,NA,NA,NA,NA,1,NA,NA,NA,NA,NA,1,NA,NA,NA,NA,NA,NA,1,NA,12,4,6,5,5,6,8,7,7,6,8,7,6,6,8,5,6,7,9,9,10,10,5,7,8,9,8,8,6,9,4,10
273,0,24,NA,NA,NA,NA,NA,NA,NA,NA,NA,NA,NA,NA,NA,NA,NA,1,NA,NA,NA,NA,NA,NA,NA,NA,NA,NA,NA,1,NA,NA,NA,NA,NA,NA,1,NA,NA,NA,NA,2,4,6,6,7,5,5,5,5,4,7,7,4,9,4,7,6,3,5,5,5,5,5,6,5,6,6,6,9,7,4,7
304,0,25,NA,1,NA,NA,NA,NA,NA,NA,NA,NA,NA,NA,NA,NA,NA,NA,1,NA,1,NA,NA,NA,NA,NA,NA,NA,NA,1,NA,NA,1,NA,NA,NA,1,NA,NA,1,NA,12,2,8,8,7,8,9,8,9,7,8,7,6,8,8,8,8,10,9,6,6,7,7,10,9,7,6,10,6,7,10,8
331,0,24,NA,1,NA,NA,NA,NA,NA,NA,NA,NA,NA,NA,NA,NA,NA,NA,NA,1,NA,1,NA,NA,NA,NA,NA,NA,1,NA,NA,NA,NA,NA,NA,1,NA,NA,NA,NA,NA,2,4,9,10,9,8,9,8,7,9,10,10,10,6,9,10,10,10,10,9,10,10,8,10,10,10,9,9,4,7,9,10
292,0,21,NA,NA,NA,NA,NA,NA,1,1,1,1,1,1,NA,1,1,1,1,NA,NA,NA,NA,NA,NA,NA,1,1,NA,NA,NA,NA,NA,NA,1,NA,NA,NA,NA,NA,NA,7,4,8,6,8,6,7,9,3,8,6,9,7,5,5,7,8,8,8,4,6,6,7,4,6,6,8,6,4,3,6,5
372,0,22,NA,NA,NA,NA,NA,1,NA,1,NA,NA,NA,NA,NA,NA,NA,NA,NA,NA,NA,1,NA,NA,NA,NA,NA,NA,NA,NA,NA,NA,1,NA,NA,NA,NA,NA,NA,1,NA,2,2,10,7,4,8,6,6,8,10,8,7,8,8,7,8,6,7,7,3,6,6,5,7,8,7,8,7,7,8,9,6
376,0,18,NA,NA,NA,NA,1,NA,NA,NA,1,1,1,1,NA,1,1,1,1,NA,1,1,1,NA,NA,NA,NA,NA,1,NA,NA,NA,NA,NA,NA,1,NA,NA,NA,NA,NA,1,6,10,10,10,9,9,8,8,9,10,10,10,6,8,9,9,8,10,10,9,10,8,9,10,10,10,8,5,9,10,9
490,0,23,1,NA,NA,NA,NA,NA,NA,NA,NA,1,1,1,NA,1,1,NA,1,NA,NA,1,1,1,NA,NA,NA,NA,NA,NA,NA,NA,1,NA,NA,NA,NA,NA,NA,1,NA,12,2,7,7,9,8,6,10,9,10,7,8,9,6,9,9,9,8,7,7,9,9,9,9,9,8,9,9,5,9,9,9
387,0,24,NA,NA,NA,1,NA,NA,1,1,NA,NA,NA,NA,NA,NA,NA,NA,NA,NA,NA,1,NA,NA,NA,NA,NA,NA,NA,1,NA,NA,1,NA,NA,NA,1,NA,NA,1,NA,1,5,7,8,9,8,6,6,9,9,6,6,7,6,7,6,8,8,5,8,7,6,5,8,7,6,4,6,5,5,7,7
284,0,26,NA,NA,NA,NA,NA,1,NA,1,1,NA,1,NA,1,NA,NA,NA,NA,NA,1,NA,1,1,NA,NA,NA,NA,NA,NA,NA,NA,1,NA,NA,NA,NA,NA,NA,1,NA,11,7,6,5,4,5,2,4,5,4,5,3,6,4,4,5,3,7,4,6,4,4,5,4,6,7,4,8,3,4,7,4
293,0,20,NA,NA,NA,NA,NA,NA,NA,NA,NA,NA,NA,NA,NA,NA,NA,NA,NA,NA,NA,NA,NA,NA,NA,NA,1,1,NA,NA,NA,NA,NA,NA,1,NA,NA,NA,NA,NA,NA,12,3,10,8,6,8,9,9,9,7,7,9,10,7,8,9,10,6,8,6,6,8,7,8,8,8,8,8,5,7,7,7
318,0,19,NA,1,NA,NA,NA,NA,1,NA,NA,NA,NA,NA,NA,NA,NA,NA,NA,NA,NA,1,NA,NA,NA,NA,NA,NA,1,NA,NA,NA,NA,NA,NA,1,NA,NA,NA,NA,NA,1,2,8,6,7,8,8,8,6,5,8,7,6,7,7,7,7,5,7,7,4,8,5,7,6,8,7,5,8,5,6,7
472,0,19,NA,NA,NA,NA,NA,NA,NA,NA,NA,NA,NA,NA,NA,NA,NA,NA,NA,NA,NA,NA,NA,NA,NA,NA,NA,NA,NA,NA,NA,NA,1,NA,NA,NA,NA,NA,NA,1,NA,1,4,10,10,9,10,10,9,10,9,10,10,8,9,9,9,9,8,6,7,7,8,7,8,6,8,6,7,8,7,7,7
365,0,21,NA,NA,NA,NA,NA,NA,NA,NA,NA,NA,NA,NA,NA,NA,NA,NA,NA,NA,NA,NA,NA,NA,NA,NA,1,NA,NA,NA,NA,NA,1,NA,NA,NA,NA,NA,NA,1,NA,1,3,5,5,8,5,8,8,6,6,7,6,6,7,8,4,5,8,9,8,7,8,7,5,9,7,7,8,8,8,6,6
400,0,23,1,1,1,1,1,1,NA,NA,NA,NA,1,NA,NA,NA,NA,NA,NA,NA,NA,NA,NA,NA,NA,1,1,NA,NA,NA,NA,NA,1,NA,NA,NA,NA,NA,NA,1,NA,5,6,7,6,5,5,5,8,3,7,5,7,6,7,5,6,6,8,7,6,6,6,5,5,6,6,7,8,7,6,8,7
430,0,26,1,NA,NA,NA,NA,NA,NA,NA,NA,NA,NA,NA,NA,NA,1,NA,NA,NA,1,NA,NA,NA,NA,NA,NA,1,NA,NA,NA,NA,NA,NA,1,NA,NA,NA,NA,NA,NA,9,2,7,8,10,8,7,8,7,7,7,9,8,7,9,9,7,6,7,9,9,9,6,7,7,8,8,8,7,8,8,8
485,0,20,NA,NA,1,NA,NA,NA,NA,NA,NA,NA,NA,NA,1,NA,NA,NA,NA,NA,NA,NA,NA,NA,NA,NA,1,NA,NA,NA,NA,NA,1,NA,NA,NA,NA,NA,NA,1,NA,1,4,7,9,8,7,7,8,8,7,8,7,7,7,8,5,8,7,8,6,8,9,7,8,9,7,6,10,7,8,7,9
325,0,20,NA,NA,NA,NA,NA,NA,NA,NA,NA,NA,NA,NA,NA,NA,NA,NA,NA,NA,1,NA,NA,NA,NA,NA,NA,NA,NA,NA,NA,NA,1,NA,NA,NA,NA,NA,NA,1,NA,11,5,9,8,7,8,10,8,10,7,10,9,7,6,7,8,9,6,5,3,4,8,4,6,6,8,6,7,4,7,5,6
391,0,18,1,NA,1,NA,NA,1,1,NA,NA,NA,NA,NA,NA,NA,NA,1,1,NA,NA,NA,NA,NA,NA,1,NA,NA,NA,1,NA,NA,NA,NA,NA,NA,1,NA,NA,NA,NA,11,6,7,6,9,9,9,8,6,6,7,7,5,2,7,6,6,8,8,5,7,4,7,6,6,8,7,7,5,7,6,7
390,0,26,NA,NA,NA,NA,NA,NA,NA,NA,NA,NA,NA,NA,NA,NA,NA,NA,NA,NA,NA,NA,NA,NA,NA,NA,NA,NA,NA,NA,NA,NA,1,NA,NA,NA,NA,NA,NA,1,NA,1,4,5,7,3,5,5,6,5,7,6,3,6,3,5,5,6,7,4,4,4,5,7,4,5,6,5,6,4,4,6,7
252,0,22,NA,NA,NA,NA,1,NA,NA,NA,1,NA,NA,NA,1,NA,NA,1,NA,NA,NA,NA,NA,NA,NA,1,1,NA,NA,NA,NA,NA,1,NA,NA,NA,NA,NA,NA,1,NA,12,1,5,5,8,7,2,6,6,8,8,7,7,8,7,8,8,6,7,7,5,7,8,5,7,7,8,9,5,6,7,6
414,0,22,NA,1,NA,NA,1,NA,NA,NA,NA,NA,NA,NA,1,1,NA,1,1,NA,1,NA,NA,NA,NA,NA,1,NA,NA,NA,1,NA,1,NA,NA,NA,NA,1,NA,1,NA,12,4,9,6,5,6,6,6,5,7,8,6,9,4,5,4,5,6,5,5,6,7,5,3,6,7,7,5,1,5,6,4
473,0,25,NA,1,1,NA,NA,NA,NA,NA,NA,NA,NA,NA,NA,NA,NA,NA,NA,1,1,NA,NA,NA,NA,NA,NA,NA,1,1,NA,NA,NA,NA,NA,1,1,NA,NA,NA,NA,11,1,10,8,5,10,10,7,9,6,9,10,5,2,9,8,7,10,6,5,9,8,5,9,8,8,9,6,2,6,8,6
493,0,24,NA,NA,NA,NA,1,1,1,NA,NA,NA,NA,NA,NA,NA,NA,NA,NA,NA,NA,NA,NA,1,NA,NA,NA,NA,1,NA,NA,NA,NA,NA,NA,1,NA,NA,NA,NA,NA,1,4,9,10,6,10,8,9,8,9,9,7,8,6,10,10,6,10,10,7,10,10,8,9,10,10,8,10,2,9,10,8
417,0,19,NA,NA,1,NA,NA,NA,NA,1,NA,NA,NA,NA,NA,NA,NA,NA,NA,NA,NA,NA,1,NA,NA,NA,NA,NA,1,1,NA,NA,NA,NA,NA,1,1,NA,NA,NA,NA,2,5,8,7,5,8,5,7,6,7,7,6,6,5,6,7,6,6,4,4,3,6,5,3,6,5,5,6,5,5,5,5
491,0,23,NA,NA,NA,1,NA,NA,1,1,NA,NA,NA,NA,NA,NA,NA,NA,NA,NA,NA,1,NA,NA,NA,NA,NA,NA,NA,1,NA,NA,1,NA,NA,NA,1,NA,NA,1,NA,1,5,8,10,6,8,10,5,10,8,9,9,10,10,10,9,7,9,7,8,8,8,6,10,9,8,10,9,8,8,9,8
416,0,21,NA,NA,NA,1,1,NA,NA,1,1,1,1,1,1,1,1,1,1,1,NA,NA,NA,NA,NA,1,1,NA,NA,NA,NA,NA,1,NA,NA,NA,NA,NA,NA,1,NA,1,2,8,8,6,9,10,6,9,8,9,10,6,6,10,10,8,10,7,7,7,8,9,10,8,9,8,10,6,7,7,8
320,0,25,NA,1,NA,NA,NA,NA,NA,NA,NA,NA,NA,NA,1,NA,NA,NA,NA,NA,1,1,NA,NA,NA,NA,NA,1,NA,NA,NA,NA,NA,NA,1,NA,NA,NA,NA,NA,NA,11,5,8,7,10,9,7,6,7,5,9,9,8,8,7,8,7,9,8,8,9,6,6,7,9,10,10,8,8,7,9,8
471,0,21,1,NA,NA,NA,NA,1,NA,1,NA,NA,NA,NA,NA,NA,NA,NA,NA,NA,NA,NA,NA,NA,NA,1,NA,NA,NA,1,NA,NA,NA,NA,NA,NA,1,NA,NA,NA,NA,2,7,7,7,3,7,6,6,6,5,7,9,8,7,7,7,9,6,6,3,5,7,8,6,6,7,8,7,8,7,7,6
296,0,26,NA,NA,1,NA,NA,NA,NA,1,NA,NA,NA,NA,NA,NA,NA,NA,NA,NA,NA,NA,NA,1,NA,NA,NA,NA,NA,NA,NA,NA,1,NA,NA,NA,NA,NA,NA,1,NA,1,3,6,7,6,7,6,7,7,6,7,5,6,5,7,6,8,8,7,6,6,5,8,8,6,7,6,6,6,5,7,7
279,0,23,NA,1,NA,NA,NA,NA,NA,NA,1,NA,1,NA,NA,1,1,NA,NA,NA,NA,1,NA,NA,NA,NA,NA,NA,NA,NA,NA,NA,1,NA,NA,NA,NA,NA,NA,1,NA,1,7,6,7,6,5,9,6,7,7,7,3,4,4,7,5,6,6,7,7,6,4,6,6,8,7,4,8,2,7,6,5
432,0,19,NA,NA,NA,NA,NA,1,NA,1,NA,NA,NA,NA,NA,NA,NA,NA,NA,NA,NA,1,NA,NA,NA,NA,NA,NA,NA,NA,NA,NA,1,NA,NA,NA,NA,NA,NA,1,NA,2,2,7,8,1,6,4,6,3,6,7,5,5,2,4,6,3,8,7,5,6,5,5,4,8,7,4,5,2,5,7,5
344,0,22,NA,1,NA,NA,NA,NA,NA,NA,NA,NA,NA,NA,NA,NA,NA,1,NA,NA,1,NA,NA,NA,NA,NA,NA,1,NA,NA,NA,NA,NA,NA,1,NA,NA,NA,NA,NA,NA,10,5,5,5,6,4,4,4,6,3,6,3,5,1,6,7,6,4,5,4,5,6,7,6,7,6,6,6,3,6,6,5
477,0,22,NA,NA,NA,NA,NA,1,NA,NA,NA,1,1,NA,1,NA,NA,NA,NA,NA,NA,NA,NA,1,NA,NA,NA,NA,NA,NA,NA,NA,1,NA,NA,NA,NA,NA,NA,1,NA,12,4,7,6,5,8,8,4,4,7,5,6,5,7,6,7,6,5,6,6,5,10,7,5,6,6,6,7,6,7,6,6
301,0,20,NA,NA,NA,1,NA,NA,1,1,NA,NA,NA,NA,NA,NA,NA,NA,NA,NA,NA,1,NA,NA,NA,NA,NA,NA,NA,1,NA,NA,1,NA,NA,NA,1,NA,NA,1,NA,1,5,8,10,7,9,9,8,9,8,9,10,7,10,9,7,7,7,10,8,7,8,5,9,7,10,9,4,9,6,7,8
386,0,20,NA,1,NA,NA,1,NA,NA,NA,NA,NA,NA,NA,1,NA,NA,NA,NA,NA,NA,NA,NA,NA,NA,NA,1,NA,NA,NA,NA,NA,1,NA,NA,NA,NA,NA,NA,1,NA,12,4,6,6,5,6,5,8,7,8,5,5,7,4,5,6,6,7,8,6,6,6,8,7,7,6,5,8,4,6,8,6
500,0,18,1,1,1,NA,1,1,NA,NA,NA,NA,NA,NA,1,NA,NA,NA,NA,NA,NA,NA,NA,1,NA,NA,NA,NA,1,NA,NA,NA,NA,NA,NA,1,NA,NA,NA,NA,NA,7,4,8,10,8,9,8,9,9,9,7,10,10,5,10,7,9,7,9,8,7,10,7,9,8,8,8,7,2,8,7,8
254,0,23,NA,NA,NA,NA,NA,1,NA,NA,NA,NA,NA,NA,NA,NA,NA,1,NA,NA,NA,NA,NA,NA,1,NA,NA,NA,NA,1,NA,NA,NA,NA,NA,NA,1,NA,NA,NA,NA,2,1,7,7,5,6,8,7,6,8,7,6,9,10,8,7,6,4,7,2,4,6,4,3,7,5,7,7,8,8,7,6
467,0,23,NA,NA,NA,NA,1,NA,NA,NA,NA,NA,NA,NA,1,NA,NA,NA,NA,NA,NA,NA,NA,NA,NA,NA,1,NA,NA,NA,NA,NA,1,NA,NA,NA,NA,NA,NA,1,NA,2,1,5,6,4,5,2,5,6,6,3,5,6,5,4,3,4,4,7,5,5,3,5,2,6,4,5,6,6,5,5,3
358,0,20,1,NA,NA,NA,1,NA,NA,NA,NA,NA,NA,NA,1,NA,1,NA,NA,NA,1,NA,NA,NA,NA,NA,1,NA,NA,NA,NA,NA,1,NA,NA,NA,NA,NA,NA,1,NA,1,5,8,8,5,8,6,9,8,8,8,8,9,0,9,9,10,7,8,8,8,5,8,9,9,10,9,7,0,7,9,6
360,0,18,1,1,1,NA,1,NA,NA,NA,1,1,1,1,1,1,1,1,1,NA,NA,NA,NA,1,1,1,1,NA,NA,NA,NA,NA,1,NA,NA,NA,NA,NA,NA,1,NA,1,1,6,7,7,6,6,7,9,6,5,6,8,6,6,5,9,7,6,6,5,6,6,6,3,5,4,5,4,3,6,8
410,0,18,NA,NA,NA,NA,NA,1,NA,NA,NA,NA,NA,NA,NA,NA,NA,1,NA,NA,NA,NA,NA,NA,1,NA,NA,NA,NA,1,NA,NA,NA,NA,NA,NA,1,NA,NA,NA,NA,2,1,8,5,9,10,6,8,8,8,7,4,7,7,8,10,7,8,8,8,8,5,7,10,8,5,6,7,7,6,7,8
452,0,21,NA,NA,NA,1,NA,NA,NA,NA,NA,NA,NA,NA,1,NA,NA,NA,NA,NA,1,NA,NA,NA,NA,NA,NA,NA,NA,NA,1,NA,NA,NA,NA,NA,NA,1,NA,NA,NA,7,1,9,4,3,8,7,6,7,5,3,4,5,6,5,6,6,5,4,4,6,7,6,7,6,5,6,5,7,7,4,6
302,0,18,NA,NA,NA,NA,NA,1,NA,NA,NA,NA,NA,NA,NA,NA,NA,NA,1,NA,NA,NA,NA,NA,NA,NA,1,NA,NA,NA,NA,NA,1,NA,NA,NA,NA,NA,NA,1,NA,11,7,7,9,5,7,7,6,7,7,7,9,7,7,8,8,8,6,7,6,6,8,5,6,6,8,7,7,8,8,6,7
397,0,22,NA,NA,NA,NA,NA,NA,NA,NA,NA,NA,NA,NA,NA,NA,NA,NA,NA,NA,1,1,NA,NA,NA,NA,1,NA,NA,1,NA,NA,NA,NA,NA,NA,1,NA,NA,NA,NA,2,5,7,5,6,6,5,5,6,6,6,6,4,2,5,6,6,7,8,6,7,8,8,7,8,8,7,9,4,6,7,6
428,0,23,NA,1,NA,NA,NA,NA,NA,NA,NA,NA,NA,NA,NA,NA,NA,NA,NA,1,NA,NA,NA,1,NA,NA,NA,NA,1,NA,NA,NA,NA,NA,NA,1,NA,NA,NA,NA,NA,13,4,10,8,9,10,10,8,9,8,9,10,9,10,9,10,9,10,10,10,10,10,8,10,10,10,10,9,10,9,10,10
389,0,19,NA,NA,NA,NA,NA,1,NA,1,NA,NA,NA,NA,NA,NA,NA,NA,NA,NA,NA,NA,NA,1,NA,NA,NA,NA,NA,NA,NA,NA,1,NA,NA,NA,NA,NA,NA,1,NA,2,4,9,7,3,9,8,6,5,5,9,6,7,4,7,8,7,8,6,3,7,8,7,5,5,8,7,7,4,8,5,9
335,0,20,NA,NA,NA,NA,NA,1,NA,1,NA,NA,NA,NA,NA,NA,NA,NA,NA,NA,NA,NA,NA,NA,NA,NA,1,NA,NA,NA,NA,NA,1,NA,NA,NA,NA,NA,NA,1,NA,2,7,9,7,6,10,7,5,8,7,8,7,9,6,7,8,6,8,7,6,6,6,5,8,7,9,6,9,5,8,6,6
424,0,23,NA,1,NA,NA,NA,1,NA,NA,NA,1,NA,NA,1,NA,NA,NA,NA,NA,NA,NA,NA,NA,NA,NA,1,NA,NA,1,NA,NA,NA,NA,NA,NA,1,NA,NA,NA,NA,13,4,10,8,8,9,8,7,10,5,10,10,8,6,10,10,9,9,7,8,9,9,7,10,8,10,8,7,6,9,8,8
339,0,21,NA,NA,NA,NA,NA,NA,NA,NA,NA,NA,NA,NA,NA,NA,NA,1,NA,NA,NA,NA,NA,NA,NA,NA,NA,NA,NA,1,NA,NA,NA,NA,NA,NA,1,NA,NA,NA,NA,2,4,8,6,5,8,8,6,9,8,7,7,4,3,8,6,6,8,9,7,7,6,8,8,9,9,6,8,4,5,7,6
323,0,23,1,NA,1,NA,1,NA,NA,NA,1,NA,NA,NA,1,NA,1,1,NA,NA,1,NA,NA,NA,NA,NA,NA,NA,NA,NA,NA,NA,1,NA,NA,NA,NA,NA,NA,1,NA,12,5,8,8,5,9,10,7,9,7,6,4,3,3,5,7,5,9,7,4,4,6,6,7,7,6,5,7,2,7,7,6
303,0,24,NA,NA,NA,NA,NA,NA,NA,NA,NA,NA,NA,NA,NA,NA,NA,NA,NA,NA,NA,NA,NA,NA,NA,NA,NA,NA,1,NA,NA,NA,1,NA,NA,1,NA,NA,NA,1,NA,1,5,6,8,5,7,4,5,6,7,6,5,5,5,5,6,6,6,4,5,5,7,4,4,6,5,5,7,5,3,6,6
402,0,24,1,NA,NA,NA,NA,NA,NA,NA,NA,1,NA,NA,1,NA,NA,NA,1,NA,NA,NA,NA,NA,NA,1,NA,NA,NA,NA,NA,NA,1,NA,NA,NA,NA,NA,NA,1,NA,1,3,9,7,5,8,9,10,8,9,7,8,9,1,10,8,8,8,8,5,5,8,7,7,9,8,6,10,1,5,8,5
466,0,24,NA,NA,NA,NA,NA,NA,NA,NA,NA,NA,NA,NA,NA,NA,NA,NA,NA,NA,1,NA,NA,NA,NA,NA,NA,NA,NA,1,NA,NA,NA,NA,NA,NA,1,NA,NA,NA,NA,1,6,8,9,6,8,6,8,10,7,9,9,10,5,8,7,9,6,6,6,6,7,6,9,5,6,6,5,5,4,7,6
495,0,24,NA,NA,NA,NA,1,NA,NA,NA,1,NA,NA,NA,1,1,1,1,1,1,1,NA,NA,NA,1,1,1,NA,1,NA,NA,NA,NA,NA,NA,1,NA,NA,NA,NA,NA,12,2,9,7,6,9,9,6,6,7,10,10,6,6,9,10,8,10,8,9,10,10,7,9,9,9,9,10,4,9,10,9
422,0,22,NA,NA,NA,NA,NA,1,NA,1,NA,NA,NA,NA,NA,NA,NA,NA,NA,NA,NA,NA,1,NA,NA,NA,NA,NA,NA,NA,NA,NA,1,NA,NA,NA,NA,NA,NA,1,NA,2,3,7,7,7,8,6,8,7,8,4,4,6,3,7,6,7,7,8,6,6,6,7,8,8,6,5,6,5,7,6,8
316,0,23,NA,NA,NA,NA,NA,NA,1,NA,NA,NA,NA,NA,NA,NA,NA,NA,NA,NA,NA,NA,NA,NA,NA,1,1,NA,NA,NA,NA,NA,1,NA,NA,NA,NA,NA,NA,1,NA,1,1,7,8,7,9,6,6,7,7,7,8,7,3,9,7,6,6,5,5,6,7,6,5,7,7,8,7,0,6,7,6
450,0,26,NA,NA,NA,NA,1,NA,NA,NA,NA,NA,NA,NA,NA,1,NA,NA,NA,NA,1,1,NA,NA,NA,NA,NA,1,NA,NA,NA,NA,NA,NA,1,NA,NA,NA,NA,NA,NA,1,7,7,7,5,6,4,8,7,6,6,6,4,5,6,6,8,4,4,4,6,4,5,3,4,4,4,4,4,4,4,4
281,0,22,NA,NA,NA,NA,NA,NA,NA,NA,NA,NA,NA,NA,NA,NA,NA,NA,NA,NA,NA,NA,NA,NA,NA,NA,NA,NA,NA,NA,NA,NA,1,NA,NA,NA,NA,NA,NA,1,NA,1,4,6,6,6,4,5,5,5,7,6,5,8,2,7,8,8,5,3,4,3,4,4,2,5,4,2,5,2,6,5,5
475,0,18,NA,NA,1,NA,NA,NA,NA,NA,NA,NA,NA,NA,NA,NA,1,NA,NA,NA,NA,NA,1,NA,NA,NA,NA,NA,NA,NA,NA,NA,1,NA,NA,NA,NA,NA,NA,1,NA,11,4,9,8,6,9,9,8,8,6,9,9,10,2,7,8,7,5,7,5,6,9,8,8,8,8,6,10,1,5,6,9
295,0,24,NA,NA,NA,NA,NA,1,NA,NA,NA,NA,NA,NA,1,NA,NA,NA,NA,NA,NA,NA,NA,NA,1,NA,NA,NA,NA,NA,NA,NA,1,NA,NA,NA,NA,NA,NA,1,NA,13,5,6,6,7,6,5,7,6,7,8,5,7,8,7,7,6,6,6,8,9,6,9,6,7,8,5,8,9,8,7,7
438,0,23,NA,NA,NA,NA,NA,NA,NA,1,1,1,1,1,1,1,1,1,1,1,1,NA,NA,NA,NA,NA,NA,1,NA,NA,NA,NA,NA,NA,1,NA,NA,NA,NA,NA,NA,1,6,5,5,4,5,3,5,4,6,6,6,7,1,6,8,5,5,4,2,6,5,4,5,4,4,6,5,1,4,8,3
479,0,19,1,1,1,1,1,1,NA,NA,NA,NA,NA,NA,NA,1,NA,1,NA,1,NA,NA,NA,1,NA,NA,NA,NA,NA,NA,NA,NA,1,NA,NA,NA,NA,NA,NA,1,NA,13,4,6,7,7,6,9,9,6,8,6,6,9,3,8,6,8,5,4,5,6,5,7,6,6,6,4,6,4,7,7,8
488,0,26,NA,NA,NA,NA,NA,1,NA,NA,NA,NA,NA,NA,NA,NA,NA,1,NA,NA,1,1,1,NA,NA,NA,NA,NA,NA,1,NA,NA,NA,NA,NA,NA,1,NA,NA,NA,NA,2,7,6,5,8,6,5,7,8,6,7,5,6,5,6,5,4,6,6,5,6,6,7,6,6,7,7,6,6,8,6,6
480,0,20,NA,1,NA,NA,NA,NA,NA,NA,NA,NA,NA,NA,NA,NA,NA,NA,NA,1,NA,NA,1,NA,NA,NA,NA,NA,1,NA,NA,NA,NA,NA,NA,1,NA,NA,NA,NA,NA,13,1,5,7,5,2,3,3,3,4,4,6,4,6,2,5,4,7,5,7,5,6,7,5,5,5,7,5,5,5,7,5
356,0,25,NA,NA,NA,NA,NA,NA,NA,NA,NA,NA,NA,NA,NA,NA,NA,NA,NA,NA,NA,NA,NA,NA,NA,NA,NA,1,NA,NA,NA,NA,NA,NA,1,NA,NA,NA,NA,NA,NA,12,4,6,7,9,8,9,7,9,8,9,7,6,10,6,8,8,8,4,8,8,9,6,8,6,8,8,6,9,7,7,8
288,0,20,NA,NA,NA,NA,NA,NA,NA,NA,NA,NA,NA,NA,NA,NA,NA,NA,NA,NA,NA,NA,NA,NA,NA,NA,1,NA,NA,NA,NA,NA,1,NA,NA,NA,NA,NA,NA,1,NA,1,2,3,4,4,3,6,3,6,4,4,6,4,6,3,4,3,6,3,2,4,5,5,4,3,5,7,7,8,6,7,4
404,0,25,NA,1,NA,NA,NA,NA,1,NA,NA,NA,NA,NA,NA,NA,NA,NA,NA,NA,NA,NA,1,NA,NA,NA,NA,NA,1,NA,NA,NA,NA,NA,NA,1,NA,NA,NA,NA,NA,1,6,5,5,4,6,7,6,5,5,5,7,8,6,8,8,7,5,6,7,5,8,6,7,7,5,7,5,7,7,5,7
350,0,25,NA,NA,NA,NA,1,NA,NA,NA,1,NA,NA,NA,1,NA,NA,1,NA,NA,NA,NA,NA,NA,NA,1,1,NA,NA,NA,NA,NA,1,NA,NA,NA,NA,NA,NA,1,NA,12,1,5,4,9,8,8,6,6,2,5,8,6,6,7,6,5,7,7,9,6,6,7,7,6,8,7,7,5,8,7,6
431,0,23,NA,1,NA,NA,NA,NA,1,NA,NA,NA,NA,NA,NA,NA,NA,NA,NA,NA,1,NA,NA,NA,NA,NA,NA,NA,1,NA,NA,NA,NA,NA,NA,1,NA,NA,NA,NA,NA,1,1,5,7,6,7,7,7,6,7,6,7,5,8,7,8,9,8,8,7,8,7,7,7,7,7,8,9,7,5,8,7
453,0,25,1,1,1,1,1,1,NA,NA,NA,NA,1,NA,NA,NA,NA,NA,NA,NA,NA,NA,NA,NA,NA,1,1,NA,NA,NA,NA,NA,1,NA,NA,NA,NA,NA,NA,1,NA,5,6,9,6,6,9,8,9,9,9,8,6,9,0,10,10,8,5,7,6,7,8,9,6,9,6,5,7,1,8,7,8
258,0,20,NA,NA,NA,NA,NA,1,NA,1,NA,NA,NA,NA,NA,NA,NA,NA,NA,NA,NA,NA,NA,1,NA,NA,NA,NA,NA,NA,NA,NA,1,NA,NA,NA,NA,NA,NA,1,NA,2,4,7,7,6,7,6,7,7,9,7,9,9,7,7,6,7,7,8,7,9,6,8,7,8,7,8,7,7,7,7,8
307,0,25,NA,NA,NA,NA,NA,NA,NA,1,1,1,1,1,1,1,1,1,1,NA,NA,NA,NA,NA,NA,NA,NA,NA,1,NA,NA,NA,NA,NA,NA,1,NA,NA,NA,NA,NA,1,5,10,6,9,7,7,6,7,6,7,8,3,5,6,8,4,9,7,6,5,7,5,7,7,8,7,6,1,6,8,5
271,0,22,NA,NA,NA,NA,1,NA,NA,NA,1,NA,NA,NA,1,NA,NA,1,NA,NA,NA,NA,NA,NA,NA,1,1,NA,NA,NA,NA,NA,1,NA,NA,NA,NA,NA,NA,1,NA,12,1,9,9,8,10,9,9,10,10,10,10,7,6,6,10,9,6,6,6,7,5,6,8,3,4,8,5,7,5,8,7
378,0,24,NA,1,NA,NA,NA,NA,NA,1,NA,NA,NA,NA,NA,NA,NA,NA,NA,NA,NA,NA,1,NA,NA,NA,NA,NA,1,NA,NA,NA,NA,NA,NA,1,NA,NA,NA,NA,NA,2,3,9,10,6,8,9,9,8,8,10,9,10,9,10,9,10,6,8,8,9,5,8,10,7,9,6,6,7,7,7,9
482,0,26,NA,NA,1,NA,NA,NA,NA,1,NA,NA,NA,NA,NA,NA,NA,NA,NA,NA,NA,NA,NA,1,NA,NA,NA,NA,NA,1,NA,NA,NA,NA,NA,NA,1,NA,NA,NA,NA,2,4,7,5,3,6,6,8,7,9,8,8,7,4,6,4,6,6,7,6,4,4,3,5,8,5,6,6,4,5,7,4
334,0,21,NA,1,NA,NA,NA,NA,NA,NA,NA,NA,NA,NA,NA,NA,NA,NA,NA,1,NA,NA,NA,1,NA,NA,NA,NA,1,NA,NA,NA,NA,NA,NA,1,NA,NA,NA,NA,NA,13,3,8,8,5,8,6,7,6,7,8,7,6,4,6,7,7,5,8,5,4,5,4,6,7,7,7,5,5,4,5,4
497,0,26,NA,NA,NA,1,NA,NA,NA,NA,NA,1,NA,1,NA,NA,NA,NA,NA,NA,1,1,NA,NA,NA,NA,NA,NA,NA,NA,NA,NA,1,NA,NA,NA,NA,NA,NA,1,NA,11,7,6,9,10,7,7,8,8,9,7,7,9,5,7,8,7,9,7,7,10,4,7,8,8,9,5,9,2,7,10,8
379,0,19,1,NA,NA,NA,NA,NA,NA,NA,NA,NA,NA,NA,NA,1,1,1,1,NA,1,NA,NA,NA,NA,NA,NA,NA,NA,NA,NA,1,NA,NA,NA,NA,NA,NA,1,NA,NA,7,4,9,9,6,8,7,7,10,8,9,7,8,8,9,10,7,10,7,3,6,7,4,8,9,7,8,8,6,6,10,6
343,0,25,NA,NA,NA,NA,1,NA,NA,NA,1,NA,NA,NA,1,1,1,1,1,1,1,NA,NA,NA,1,1,1,NA,1,NA,NA,NA,NA,NA,NA,1,NA,NA,NA,NA,NA,12,2,6,8,7,4,7,5,5,4,7,6,8,2,8,9,6,6,8,7,8,5,6,6,8,9,6,8,3,6,9,8
476,0,24,1,1,1,1,1,1,NA,NA,NA,NA,NA,NA,NA,NA,NA,NA,NA,1,NA,NA,NA,1,NA,NA,NA,NA,1,NA,NA,NA,NA,NA,NA,1,NA,NA,NA,NA,NA,12,4,5,4,3,3,5,2,3,5,2,4,5,3,3,5,5,6,4,4,5,5,5,5,6,6,3,6,2,6,7,4
315,0,23,NA,NA,NA,NA,NA,1,NA,NA,NA,NA,NA,NA,1,NA,NA,NA,NA,NA,NA,NA,NA,NA,1,NA,NA,NA,NA,NA,NA,NA,1,NA,NA,NA,NA,NA,NA,1,NA,7,3,6,6,6,6,5,7,5,5,7,8,6,4,6,6,7,6,6,4,6,4,5,7,6,8,9,4,6,5,7,6
265,0,22,NA,NA,NA,NA,NA,1,1,NA,NA,NA,NA,NA,NA,NA,NA,NA,NA,NA,NA,NA,NA,NA,NA,1,NA,NA,NA,NA,NA,NA,1,NA,NA,NA,NA,NA,NA,1,NA,1,6,7,7,8,9,6,6,9,8,8,9,7,10,7,9,9,7,7,7,7,6,8,7,8,8,8,8,9,5,9,6
285,0,20,NA,NA,NA,NA,NA,NA,NA,NA,NA,NA,NA,NA,NA,NA,NA,NA,NA,NA,NA,NA,NA,NA,NA,NA,NA,NA,NA,NA,NA,NA,1,NA,NA,NA,NA,NA,NA,1,NA,1,4,7,7,9,7,6,7,6,9,8,7,7,8,7,6,8,7,7,7,8,7,6,6,8,5,6,4,8,5,8,6
478,0,19,NA,NA,NA,NA,NA,1,NA,1,NA,NA,NA,NA,NA,NA,NA,NA,NA,NA,NA,NA,NA,1,NA,NA,NA,NA,NA,NA,NA,NA,1,NA,NA,NA,NA,NA,NA,1,NA,2,3,6,7,5,6,5,8,7,7,6,1,6,4,7,7,6,7,7,6,6,5,8,8,8,8,2,7,2,7,5,7
336,0,21,NA,NA,NA,NA,NA,1,1,NA,NA,NA,NA,NA,NA,NA,NA,NA,NA,NA,NA,NA,NA,NA,NA,1,NA,NA,NA,NA,NA,NA,1,NA,NA,NA,NA,NA,NA,1,NA,2,1,6,5,7,4,7,6,5,5,5,7,5,8,4,7,6,4,6,4,4,7,3,5,5,7,8,5,7,5,6,4
484,0,26,NA,1,NA,NA,NA,NA,NA,1,NA,NA,NA,NA,NA,NA,NA,NA,NA,NA,NA,NA,NA,1,NA,NA,NA,NA,1,NA,NA,NA,NA,NA,NA,1,NA,NA,NA,NA,NA,2,4,6,7,7,6,5,4,7,6,5,8,5,6,7,7,6,8,6,7,5,1,5,7,7,6,8,7,6,6,6,6
264,0,18,NA,1,1,1,NA,1,NA,NA,NA,NA,NA,NA,NA,NA,NA,NA,NA,NA,1,1,1,NA,NA,NA,NA,1,NA,NA,NA,NA,1,NA,1,NA,NA,NA,NA,1,NA,10,6,7,8,9,9,8,8,9,9,9,9,9,7,10,9,6,8,6,9,7,8,6,9,9,7,9,8,7,7,9,7
276,0,21,NA,NA,NA,NA,1,NA,NA,NA,1,1,1,1,NA,1,1,1,1,NA,1,1,1,NA,NA,NA,NA,NA,1,NA,NA,NA,NA,NA,NA,1,NA,NA,NA,NA,NA,1,6,6,5,5,5,5,6,5,6,5,7,4,4,5,7,7,7,4,1,5,8,4,5,5,6,4,5,2,6,4,4
364,0,24,NA,NA,NA,NA,NA,NA,NA,NA,NA,NA,NA,NA,NA,NA,NA,NA,1,NA,1,NA,NA,NA,NA,NA,1,NA,NA,NA,NA,1,NA,NA,NA,NA,NA,NA,1,NA,NA,12,4,6,7,5,6,6,5,7,6,7,6,5,5,7,8,5,8,5,3,5,8,3,6,5,7,7,5,6,6,5,5
384,0,20,NA,NA,NA,NA,NA,NA,NA,NA,NA,NA,NA,NA,NA,NA,NA,NA,NA,NA,NA,NA,NA,NA,NA,NA,NA,1,NA,NA,NA,NA,NA,NA,1,NA,NA,NA,NA,NA,NA,12,4,7,6,4,7,7,6,5,6,7,8,5,3,4,7,7,7,5,2,5,6,4,4,6,5,8,5,3,4,8,6
425,0,26,NA,NA,NA,NA,NA,NA,NA,1,1,1,1,1,NA,NA,NA,NA,NA,NA,1,1,1,NA,NA,NA,NA,NA,NA,NA,NA,NA,1,NA,NA,NA,NA,NA,NA,1,NA,11,5,9,8,6,7,8,7,9,7,8,7,9,7,8,10,10,7,6,7,7,5,9,7,7,6,5,6,7,6,6,8
328,0,23,NA,NA,NA,NA,NA,NA,NA,NA,NA,NA,NA,NA,NA,1,1,1,1,NA,NA,NA,NA,NA,NA,1,1,NA,1,NA,NA,NA,NA,NA,NA,1,NA,NA,NA,NA,NA,7,7,8,8,7,9,6,9,7,7,10,9,8,8,8,5,9,9,10,8,6,8,6,9,9,9,10,7,7,6,6,9
470,0,25,NA,NA,NA,NA,NA,1,NA,NA,NA,NA,NA,NA,NA,NA,NA,NA,NA,1,NA,NA,NA,NA,1,NA,NA,NA,NA,NA,NA,NA,1,NA,NA,NA,NA,NA,NA,1,NA,12,5,8,8,5,7,9,6,9,8,9,6,6,4,9,8,5,9,8,3,8,4,6,8,7,9,7,8,6,7,9,6
317,0,19,1,1,NA,NA,NA,NA,NA,NA,NA,NA,NA,NA,NA,NA,NA,1,NA,NA,NA,NA,NA,NA,1,1,1,NA,NA,NA,NA,NA,1,NA,NA,NA,NA,NA,NA,1,NA,1,4,3,4,3,2,6,2,3,4,3,3,2,0,3,5,3,7,6,6,7,7,5,4,6,8,7,6,0,5,7,5
347,0,23,1,NA,NA,NA,NA,NA,NA,1,NA,NA,NA,NA,NA,NA,NA,NA,NA,NA,NA,NA,NA,NA,NA,1,NA,1,NA,NA,NA,NA,NA,NA,1,NA,NA,NA,NA,NA,NA,2,7,7,6,5,4,5,6,6,5,6,4,8,4,4,7,5,5,4,2,2,4,4,5,4,5,4,7,2,4,5,4
433,0,22,1,1,1,NA,1,NA,NA,NA,NA,1,1,1,1,NA,1,NA,NA,NA,1,NA,NA,NA,NA,NA,1,NA,NA,NA,NA,NA,1,NA,NA,NA,NA,NA,NA,1,NA,2,4,6,6,5,3,7,4,6,6,4,4,7,4,4,5,6,8,4,5,4,8,6,4,6,3,4,4,5,6,3,6
436,0,20,NA,NA,NA,1,NA,NA,NA,NA,NA,1,NA,1,NA,NA,NA,NA,NA,NA,1,1,NA,NA,NA,NA,NA,NA,NA,NA,NA,NA,1,NA,NA,NA,NA,NA,NA,1,NA,11,7,5,5,4,6,6,5,7,6,7,7,4,4,8,5,6,7,7,6,8,5,7,9,7,5,6,5,6,6,5,9
486,0,19,NA,NA,1,NA,NA,NA,NA,NA,NA,NA,NA,NA,NA,NA,NA,1,NA,NA,NA,NA,NA,NA,1,NA,NA,NA,NA,NA,NA,NA,1,NA,NA,NA,NA,NA,NA,1,NA,13,4,6,5,6,5,4,5,5,5,4,4,7,6,4,5,6,6,4,5,4,7,7,6,4,5,5,7,7,8,6,5
499,0,26,NA,NA,NA,NA,1,NA,NA,NA,NA,NA,NA,NA,NA,NA,NA,1,NA,NA,NA,NA,NA,NA,NA,NA,1,NA,1,NA,NA,NA,NA,NA,NA,1,NA,NA,NA,NA,NA,1,1,6,5,4,3,7,6,7,4,6,7,3,6,4,6,5,6,5,5,5,7,4,6,6,6,7,5,7,5,6,4
408,0,25,NA,1,1,1,1,NA,1,1,1,1,NA,1,1,1,1,NA,NA,NA,1,NA,NA,NA,NA,NA,NA,NA,NA,NA,NA,NA,1,NA,NA,NA,NA,NA,NA,1,NA,5,5,6,7,7,9,6,5,8,8,7,4,6,0,2,5,6,7,6,4,8,5,5,6,4,5,4,6,1,7,5,6
415,0,24,NA,NA,NA,NA,NA,NA,NA,NA,NA,NA,NA,NA,NA,NA,NA,NA,NA,NA,NA,1,NA,NA,NA,NA,NA,NA,NA,1,NA,NA,NA,NA,NA,NA,1,NA,NA,NA,NA,1,2,7,8,6,7,7,7,6,9,9,8,10,5,10,6,8,7,8,8,8,10,8,5,9,9,8,8,4,8,9,8
377,0,26,NA,NA,1,NA,NA,NA,NA,NA,NA,NA,NA,NA,NA,NA,NA,1,NA,NA,NA,NA,NA,NA,1,NA,NA,NA,NA,NA,NA,NA,1,NA,NA,NA,NA,NA,NA,1,NA,13,4,3,7,3,4,7,7,5,6,4,4,4,5,4,3,6,5,6,4,5,7,6,6,7,4,2,4,7,4,5,5
280,0,21,NA,NA,NA,NA,NA,NA,1,1,1,1,1,1,NA,1,1,1,1,NA,NA,NA,NA,NA,NA,NA,1,1,NA,NA,NA,NA,NA,NA,1,NA,NA,NA,NA,NA,NA,7,4,9,7,6,10,7,7,7,9,9,8,8,6,9,8,7,9,8,7,6,10,8,9,8,10,8,9,7,7,8,5
434,0,26,NA,1,1,1,NA,1,NA,NA,NA,NA,NA,NA,NA,NA,NA,NA,NA,NA,1,1,1,NA,NA,NA,NA,1,NA,NA,NA,NA,1,NA,1,NA,NA,NA,NA,1,NA,10,6,9,8,4,6,4,7,10,10,7,6,9,6,7,6,7,6,7,6,4,4,6,6,7,8,6,5,7,7,4,6
385,0,20,NA,NA,NA,NA,NA,NA,NA,NA,NA,NA,NA,NA,1,NA,NA,NA,NA,NA,1,1,NA,NA,NA,NA,NA,NA,NA,1,NA,NA,1,NA,NA,NA,1,NA,NA,1,NA,5,7,8,8,6,6,5,6,3,8,7,4,3,0,6,5,2,7,5,4,3,5,3,2,5,5,2,5,0,5,5,3
474,0,25,NA,1,NA,NA,NA,NA,NA,NA,NA,NA,NA,NA,NA,NA,NA,NA,NA,1,NA,1,NA,1,NA,1,NA,NA,1,NA,NA,NA,NA,NA,NA,1,NA,NA,NA,NA,NA,12,5,9,7,6,8,6,8,8,7,8,8,5,2,6,9,6,8,6,6,5,6,5,6,7,9,8,6,1,4,7,6
251,0,19,NA,NA,NA,NA,1,NA,NA,NA,1,1,1,1,NA,1,1,1,1,NA,1,1,1,NA,NA,NA,NA,NA,1,NA,NA,NA,NA,NA,NA,1,NA,NA,NA,NA,NA,1,6,1,2,3,3,2,4,2,3,3,0,3,3,4,4,3,2,2,3,3,6,4,3,5,2,2,3,5,4,4,4
294,0,23,NA,NA,NA,1,1,NA,NA,NA,NA,NA,NA,NA,NA,1,NA,1,NA,NA,NA,NA,NA,1,NA,NA,NA,NA,NA,1,NA,NA,NA,NA,NA,NA,1,NA,NA,NA,NA,2,4,10,9,10,10,10,10,8,10,7,6,10,6,10,10,9,10,9,10,10,10,10,8,10,10,8,10,3,10,10,9
469,0,19,NA,NA,NA,NA,NA,1,1,NA,NA,NA,NA,NA,NA,NA,NA,NA,NA,NA,NA,NA,NA,1,NA,NA,NA,NA,NA,NA,NA,NA,1,NA,NA,NA,NA,NA,NA,1,NA,1,3,6,7,6,7,6,6,5,6,8,8,5,5,5,6,6,8,9,6,9,7,7,6,6,7,10,7,4,6,8,6
468,0,24,NA,NA,NA,NA,NA,NA,NA,NA,NA,NA,NA,NA,NA,NA,NA,NA,NA,NA,NA,NA,NA,NA,NA,NA,NA,NA,1,NA,NA,NA,NA,NA,NA,1,NA,NA,NA,NA,NA,2,6,6,7,10,7,6,9,6,8,9,5,10,2,7,9,6,7,7,7,5,8,6,6,8,6,5,8,3,6,9,5
494,0,26,NA,NA,NA,NA,1,NA,NA,NA,NA,NA,NA,NA,1,NA,NA,NA,NA,NA,1,NA,NA,NA,NA,NA,NA,NA,NA,NA,NA,NA,1,NA,NA,NA,NA,NA,NA,1,NA,2,2,7,4,3,6,4,4,5,7,5,7,4,2,6,7,4,9,5,3,4,5,3,5,6,7,8,5,0,4,6,5
446,0,23,NA,NA,NA,NA,NA,NA,NA,NA,NA,NA,NA,NA,NA,NA,NA,1,NA,NA,NA,NA,NA,NA,NA,NA,NA,NA,NA,1,NA,NA,NA,NA,NA,NA,1,NA,NA,NA,NA,2,4,9,8,6,10,9,6,7,8,7,9,8,9,9,6,8,9,10,6,8,10,6,7,8,8,10,6,10,7,7,6
329,0,23,NA,NA,1,NA,NA,NA,NA,1,NA,NA,NA,NA,NA,NA,NA,NA,NA,NA,NA,NA,NA,1,NA,NA,NA,NA,NA,NA,NA,NA,1,NA,NA,NA,NA,NA,NA,1,NA,1,3,6,5,3,4,6,2,5,4,4,6,3,7,2,4,5,7,7,4,6,3,3,5,5,5,8,5,7,4,5,3
456,0,23,NA,NA,NA,NA,NA,1,NA,NA,NA,NA,NA,NA,NA,NA,NA,1,NA,NA,NA,NA,NA,1,NA,NA,NA,NA,NA,NA,NA,NA,1,NA,NA,NA,NA,NA,NA,1,NA,10,4,1,3,3,2,3,5,2,3,3,0,2,2,2,4,6,5,4,6,4,7,5,4,7,4,1,5,0,5,4,4
361,0,23,NA,1,NA,NA,NA,NA,NA,NA,NA,NA,NA,NA,NA,NA,NA,NA,NA,1,NA,NA,NA,1,NA,NA,NA,NA,1,NA,NA,NA,NA,NA,NA,1,NA,NA,NA,NA,NA,12,4,9,7,4,6,8,8,8,7,7,7,7,9,6,7,7,10,7,8,9,10,8,9,9,10,9,9,9,7,10,9
458,0,18,NA,NA,NA,NA,NA,NA,NA,NA,NA,NA,NA,NA,NA,1,1,1,1,NA,NA,NA,NA,NA,NA,1,1,NA,1,NA,NA,NA,NA,NA,NA,1,NA,NA,NA,NA,NA,7,7,4,4,4,5,7,5,4,6,4,6,5,8,6,7,6,7,5,4,6,6,6,6,6,7,7,6,5,7,8,4
370,0,25,NA,NA,NA,NA,NA,NA,NA,1,1,NA,NA,NA,NA,NA,NA,NA,NA,NA,1,1,NA,NA,NA,NA,NA,NA,NA,1,NA,NA,1,NA,NA,NA,1,NA,NA,1,NA,11,7,5,5,6,7,6,5,5,4,6,4,5,1,7,5,8,6,6,6,8,7,7,6,6,7,7,6,4,5,4,8
392,0,20,NA,1,NA,NA,NA,NA,NA,NA,NA,NA,NA,NA,NA,NA,NA,NA,NA,1,NA,NA,NA,1,NA,NA,NA,NA,1,NA,NA,NA,NA,NA,NA,1,NA,NA,NA,NA,NA,13,4,10,10,6,9,8,8,9,9,9,7,10,7,9,9,8,8,8,6,7,8,5,8,8,7,6,9,6,5,10,6
454,0,24,NA,NA,NA,NA,NA,NA,NA,NA,NA,NA,NA,NA,NA,NA,NA,NA,NA,NA,1,1,NA,NA,NA,NA,NA,NA,NA,1,NA,NA,1,NA,NA,NA,1,NA,NA,1,NA,11,6,8,7,5,9,8,8,7,7,9,8,6,3,9,7,6,7,9,8,7,5,7,8,9,9,8,7,4,8,7,5
405,0,25,1,1,NA,NA,NA,NA,NA,NA,NA,NA,NA,NA,NA,NA,NA,1,NA,NA,NA,NA,NA,NA,1,1,1,NA,NA,NA,NA,NA,1,NA,NA,NA,NA,NA,NA,1,NA,1,4,6,5,6,4,8,7,6,6,4,4,4,7,5,5,4,7,5,5,4,2,5,5,5,6,3,5,9,3,6,4
412,0,25,1,1,1,1,1,NA,1,1,1,1,1,1,1,1,1,NA,NA,NA,NA,NA,1,1,1,NA,NA,1,NA,NA,NA,NA,NA,NA,1,NA,NA,NA,NA,NA,NA,4,4,5,4,3,5,2,6,5,5,5,5,5,3,3,2,4,5,6,3,4,4,4,4,4,4,6,4,4,4,5,4
300,0,24,NA,NA,NA,NA,NA,NA,NA,NA,NA,NA,NA,NA,NA,NA,NA,NA,NA,NA,NA,NA,NA,NA,NA,NA,NA,NA,NA,NA,NA,NA,1,NA,NA,NA,NA,NA,NA,1,NA,13,4,10,8,9,8,8,10,6,7,8,9,7,6,7,10,8,8,7,8,5,7,5,6,7,8,6,7,5,5,7,7
353,0,26,NA,NA,NA,NA,NA,1,1,NA,NA,NA,NA,NA,NA,NA,NA,NA,NA,NA,NA,1,NA,NA,NA,NA,NA,NA,NA,NA,NA,NA,1,NA,NA,NA,NA,NA,NA,1,NA,1,2,9,8,6,7,6,4,7,5,7,7,6,1,4,8,7,9,7,8,9,7,5,8,8,10,6,6,1,4,9,9
381,0,23,1,NA,NA,NA,NA,NA,NA,NA,NA,NA,NA,NA,NA,NA,NA,NA,NA,1,NA,NA,NA,NA,NA,NA,1,1,NA,NA,NA,NA,NA,NA,1,NA,NA,NA,NA,NA,NA,8,7,6,9,7,9,4,9,10,10,9,6,7,5,9,6,8,8,9,8,7,6,8,9,9,9,9,5,5,8,7,7
270,0,19,NA,NA,NA,NA,NA,1,NA,NA,NA,NA,NA,NA,1,NA,NA,NA,NA,NA,NA,NA,NA,NA,1,NA,NA,NA,NA,NA,NA,NA,1,NA,NA,NA,NA,NA,NA,1,NA,13,5,5,7,3,5,5,6,7,4,6,7,5,9,5,5,5,6,4,5,7,5,5,5,6,7,7,6,6,8,6,6
357,0,21,NA,NA,NA,NA,NA,NA,NA,1,1,1,1,1,NA,NA,NA,NA,NA,NA,1,1,1,NA,NA,NA,NA,NA,NA,NA,NA,NA,1,NA,NA,NA,NA,NA,NA,1,NA,11,5,9,7,4,9,7,6,8,7,9,8,7,1,7,9,6,9,7,5,7,10,8,7,8,10,9,8,2,6,8,8
393,0,26,1,NA,1,NA,1,NA,NA,NA,1,NA,NA,NA,1,NA,1,1,NA,NA,1,NA,NA,NA,NA,NA,NA,NA,NA,NA,NA,NA,1,NA,NA,NA,NA,NA,NA,1,NA,12,5,7,7,8,6,7,7,6,6,6,6,7,9,8,6,6,5,7,8,6,6,6,4,7,6,5,6,9,4,4,4
451,0,21,NA,1,NA,NA,NA,NA,NA,NA,NA,NA,NA,NA,1,NA,NA,NA,NA,NA,NA,NA,NA,1,NA,NA,NA,NA,1,NA,NA,NA,NA,NA,NA,1,NA,NA,NA,NA,NA,7,4,6,8,5,8,6,8,7,8,8,9,8,5,10,7,7,7,10,7,8,7,9,7,10,9,10,7,8,9,9,7
368,0,24,NA,NA,NA,1,NA,NA,NA,NA,NA,1,NA,1,NA,NA,NA,NA,NA,NA,1,1,NA,NA,NA,NA,NA,NA,NA,NA,NA,NA,1,NA,NA,NA,NA,NA,NA,1,NA,11,7,8,7,4,8,6,8,10,9,8,7,8,2,7,6,8,7,9,6,7,6,6,9,7,9,4,7,2,7,6,7
455,0,22,1,NA,NA,NA,1,1,NA,NA,NA,NA,NA,NA,NA,NA,NA,NA,NA,1,NA,1,NA,NA,NA,NA,NA,NA,1,1,NA,NA,NA,NA,NA,1,1,NA,NA,NA,NA,12,1,10,8,7,6,10,7,9,6,8,9,7,5,9,7,6,10,9,6,9,2,9,8,8,7,7,9,6,6,7,9
380,0,22,NA,1,NA,NA,NA,NA,NA,NA,NA,NA,NA,NA,NA,NA,NA,NA,NA,1,NA,NA,NA,NA,NA,1,NA,NA,1,NA,NA,NA,NA,NA,NA,1,NA,NA,NA,NA,NA,13,6,6,4,7,6,3,7,6,5,3,6,4,6,5,7,6,8,5,5,7,8,6,7,7,6,7,7,6,7,7,7
351,0,24,NA,1,NA,NA,NA,NA,NA,NA,NA,NA,NA,NA,1,NA,NA,NA,NA,NA,1,NA,NA,NA,NA,NA,NA,NA,NA,NA,NA,NA,1,NA,NA,NA,NA,NA,NA,1,NA,8,1,5,5,5,6,2,5,4,6,4,3,6,3,5,6,4,5,6,5,5,5,6,5,6,3,5,5,3,6,6,4
354,0,18,NA,NA,NA,NA,NA,1,NA,NA,NA,NA,NA,NA,1,NA,NA,NA,NA,NA,NA,NA,1,NA,NA,NA,NA,NA,NA,NA,NA,NA,1,NA,NA,NA,NA,NA,NA,1,NA,7,3,8,2,3,4,6,8,5,6,4,6,3,1,4,5,5,6,6,4,4,7,5,4,5,7,4,5,0,5,5,4
330,0,23,1,1,1,1,1,NA,1,1,1,1,1,1,1,1,1,NA,NA,NA,NA,NA,1,1,1,NA,NA,1,NA,NA,NA,NA,NA,NA,1,NA,NA,NA,NA,NA,NA,4,4,6,9,5,6,8,8,9,7,7,6,4,9,5,5,6,7,5,4,4,5,4,6,5,3,3,4,7,2,3,4
496,0,22,NA,NA,NA,NA,NA,1,NA,1,NA,NA,NA,NA,NA,NA,NA,NA,NA,NA,NA,NA,NA,NA,1,NA,NA,NA,NA,NA,NA,NA,1,NA,NA,NA,NA,NA,NA,1,NA,2,6,5,6,7,6,7,7,4,6,4,7,4,7,5,6,8,3,7,5,4,8,5,4,5,7,6,6,3,6,5,5
267,0,25,NA,NA,NA,NA,1,NA,NA,NA,1,NA,NA,NA,1,1,1,1,1,1,1,NA,NA,NA,1,1,1,NA,1,NA,NA,NA,NA,NA,NA,1,NA,NA,NA,NA,NA,12,2,5,4,4,5,6,5,6,5,6,7,7,3,8,8,5,6,5,5,6,6,6,5,7,7,8,8,0,5,9,6
324,0,23,NA,1,NA,NA,1,NA,NA,NA,NA,NA,NA,NA,1,1,NA,1,1,NA,1,NA,NA,NA,NA,NA,1,NA,NA,NA,1,NA,1,NA,NA,NA,NA,1,NA,1,NA,12,4,7,4,6,6,4,7,6,4,5,4,8,5,5,5,6,4,5,4,4,3,4,7,5,5,6,6,6,5,5,5
442,0,24,NA,NA,NA,NA,NA,1,1,NA,NA,NA,NA,NA,NA,NA,NA,NA,NA,NA,NA,NA,NA,NA,1,NA,NA,NA,NA,NA,NA,NA,1,NA,NA,NA,NA,NA,NA,1,NA,1,4,9,6,6,5,8,9,8,6,7,9,6,7,7,8,6,8,6,4,5,9,6,8,7,8,7,8,6,6,8,7
419,0,23,1,NA,NA,NA,NA,NA,NA,NA,NA,NA,NA,NA,NA,NA,NA,NA,NA,1,NA,NA,NA,NA,1,NA,NA,1,NA,NA,NA,NA,NA,NA,1,NA,NA,NA,NA,NA,NA,9,6,6,7,6,4,6,6,7,6,7,5,5,4,5,6,7,7,7,5,6,6,7,6,7,7,4,7,3,4,4,8
278,0,18,NA,NA,NA,NA,NA,NA,NA,NA,NA,NA,NA,NA,NA,NA,NA,NA,NA,NA,1,NA,NA,NA,NA,NA,NA,NA,NA,1,NA,NA,NA,NA,NA,NA,1,NA,NA,NA,NA,1,6,8,9,6,7,7,9,8,9,10,7,8,1,8,8,9,8,9,6,6,6,8,9,8,8,5,8,2,6,6,7
253,0,23,NA,NA,NA,NA,NA,NA,NA,NA,NA,NA,NA,NA,NA,NA,NA,NA,NA,NA,NA,NA,NA,NA,NA,NA,NA,NA,NA,NA,NA,NA,1,NA,NA,NA,NA,NA,NA,1,NA,1,4,8,8,6,9,7,8,9,9,10,9,7,5,8,10,9,9,9,9,10,7,9,9,8,10,10,10,6,7,10,10
275,0,23,NA,NA,NA,NA,NA,1,1,NA,NA,NA,NA,NA,NA,NA,NA,NA,NA,NA,NA,NA,NA,1,NA,NA,NA,NA,NA,NA,NA,NA,1,NA,NA,NA,NA,NA,NA,1,NA,1,3,3,4,9,5,4,7,6,4,6,4,5,6,6,6,5,5,4,4,5,3,7,5,4,5,5,6,6,6,6,6
396,0,19,NA,NA,NA,NA,NA,1,NA,1,NA,NA,NA,NA,NA,NA,NA,NA,NA,NA,NA,NA,NA,NA,1,NA,NA,NA,NA,NA,NA,NA,1,NA,NA,NA,NA,NA,NA,1,NA,2,6,6,7,4,5,5,6,8,5,6,7,8,6,4,6,7,5,6,6,5,2,5,9,6,4,7,6,3,5,5,5
274,0,18,1,1,1,1,1,NA,1,1,1,1,1,1,1,1,1,NA,NA,NA,NA,NA,1,1,1,NA,NA,1,NA,NA,NA,NA,NA,NA,1,NA,NA,NA,NA,NA,NA,4,4,6,6,10,9,9,7,7,8,7,8,7,7,9,7,6,6,5,7,7,9,6,7,7,8,8,8,9,5,8,6
269,0,20,NA,NA,NA,NA,NA,NA,NA,1,1,1,1,1,1,1,1,1,1,1,NA,NA,NA,NA,1,1,1,NA,NA,NA,NA,NA,1,NA,NA,NA,NA,NA,NA,1,NA,1,1,10,10,8,9,8,9,10,10,10,7,10,6,10,9,10,10,9,7,10,7,10,10,10,10,6,10,5,10,8,10
363,0,23,NA,NA,NA,NA,NA,1,1,NA,NA,NA,NA,NA,NA,NA,NA,NA,NA,NA,1,NA,NA,NA,NA,NA,NA,NA,NA,NA,NA,NA,1,NA,NA,NA,NA,NA,NA,1,NA,1,1,8,10,8,8,8,6,6,6,9,9,10,5,9,8,7,6,7,7,5,4,5,5,6,7,8,7,4,6,8,6
341,0,19,NA,NA,NA,NA,NA,1,NA,NA,NA,NA,NA,NA,NA,NA,NA,NA,NA,1,NA,NA,NA,NA,1,NA,NA,NA,NA,NA,NA,NA,1,NA,NA,NA,NA,NA,NA,1,NA,12,5,5,8,5,6,8,7,8,8,9,10,6,6,8,6,6,7,8,7,7,9,7,7,8,8,10,7,5,8,7,7
459,0,26,NA,NA,NA,NA,NA,1,NA,NA,NA,NA,NA,NA,NA,1,NA,NA,NA,NA,NA,NA,NA,NA,NA,1,NA,NA,NA,NA,NA,NA,1,NA,NA,NA,NA,NA,NA,1,NA,8,3,6,7,5,4,3,4,5,6,4,5,4,6,1,4,3,4,6,6,4,4,5,4,5,5,6,5,4,3,5,4
272,0,25,1,NA,1,1,1,1,1,1,NA,NA,NA,NA,NA,NA,NA,NA,NA,NA,1,NA,NA,NA,NA,NA,NA,NA,1,NA,NA,NA,1,NA,NA,1,NA,NA,NA,1,NA,13,4,9,9,6,9,7,7,10,9,8,10,6,8,8,10,8,10,7,8,10,8,7,10,9,9,10,10,7,8,10,7
462,0,22,1,NA,1,NA,NA,NA,NA,NA,NA,NA,NA,1,1,1,1,1,1,1,NA,NA,NA,1,NA,NA,1,NA,NA,NA,NA,NA,1,NA,NA,NA,NA,NA,NA,1,NA,3,6,8,8,8,7,10,6,7,9,5,9,6,8,4,9,8,9,5,5,8,9,4,6,6,6,7,6,6,5,8,7
395,0,21,NA,NA,NA,NA,NA,NA,NA,NA,NA,NA,NA,NA,NA,NA,NA,NA,NA,NA,1,NA,NA,NA,NA,NA,NA,NA,NA,NA,NA,NA,1,NA,NA,NA,NA,NA,NA,1,NA,11,5,6,5,6,6,5,7,7,6,6,7,7,4,6,7,6,8,6,3,7,5,8,6,7,5,7,6,5,5,7,7
440,0,18,NA,NA,1,1,1,NA,NA,NA,NA,1,1,1,1,1,1,NA,NA,NA,NA,NA,NA,NA,NA,NA,NA,NA,NA,NA,NA,NA,1,NA,NA,NA,NA,NA,NA,1,NA,1,4,8,10,6,10,7,8,9,7,8,7,9,8,7,6,7,8,9,9,8,8,7,7,8,7,8,6,10,8,5,8
362,0,18,NA,NA,NA,NA,NA,1,NA,1,1,NA,1,NA,1,NA,NA,NA,NA,NA,1,NA,1,1,NA,NA,NA,NA,NA,NA,NA,NA,1,NA,NA,NA,NA,NA,NA,1,NA,11,7,7,9,9,8,10,10,8,10,10,10,10,10,10,8,10,7,10,9,8,10,9,9,10,8,10,9,10,8,9,10
366,0,18,NA,NA,NA,NA,NA,1,NA,NA,NA,NA,NA,NA,NA,NA,NA,NA,NA,1,NA,NA,1,NA,NA,NA,NA,NA,NA,NA,NA,NA,1,NA,NA,NA,NA,NA,NA,1,NA,12,3,7,8,8,8,7,6,8,10,8,5,7,4,8,10,8,10,7,8,8,8,8,7,7,7,4,7,1,5,9,6
266,0,18,NA,1,NA,NA,NA,NA,1,NA,NA,NA,NA,NA,NA,NA,NA,NA,NA,NA,NA,NA,1,NA,NA,NA,NA,NA,1,NA,NA,NA,NA,NA,NA,1,NA,NA,NA,NA,NA,1,2,6,6,7,5,8,5,5,5,5,5,6,4,7,7,5,5,6,7,7,8,5,6,5,6,5,7,5,6,8,5
406,0,22,NA,1,NA,NA,NA,NA,NA,NA,NA,NA,1,NA,1,NA,NA,NA,NA,NA,1,NA,NA,NA,NA,NA,1,1,NA,NA,NA,NA,NA,NA,1,NA,NA,NA,NA,NA,NA,10,4,9,8,4,10,6,8,9,8,9,7,9,5,10,10,8,9,9,6,8,9,9,10,9,9,8,8,3,7,7,8
342,0,21,NA,NA,NA,NA,NA,1,NA,1,NA,NA,NA,NA,NA,NA,NA,NA,NA,NA,NA,NA,NA,NA,1,NA,NA,NA,NA,NA,NA,NA,1,NA,NA,NA,NA,NA,NA,1,NA,2,6,6,6,8,5,6,5,5,7,7,5,4,3,6,5,6,7,8,7,8,7,5,7,8,7,5,6,6,6,7,8
321,0,18,NA,1,1,1,1,NA,1,1,1,1,NA,1,1,1,1,NA,NA,NA,1,NA,NA,NA,NA,NA,NA,NA,NA,NA,NA,NA,1,NA,NA,NA,NA,NA,NA,1,NA,5,5,9,8,5,9,9,7,7,9,8,7,7,5,9,8,8,9,8,7,7,9,6,5,6,9,7,8,4,6,6,6
382,0,20,NA,NA,NA,NA,NA,NA,NA,NA,NA,NA,NA,NA,NA,NA,NA,NA,NA,NA,1,1,1,1,NA,NA,NA,NA,NA,1,NA,NA,NA,NA,NA,NA,1,NA,NA,NA,NA,11,7,5,8,8,6,5,7,4,6,6,7,6,8,6,8,7,7,6,6,6,7,7,3,6,5,9,6,8,5,7,6
445,0,20,1,1,1,1,NA,NA,NA,1,NA,NA,NA,NA,NA,NA,NA,NA,NA,NA,NA,NA,NA,1,NA,NA,NA,NA,NA,NA,NA,NA,1,NA,NA,NA,NA,NA,NA,1,NA,2,4,7,6,5,7,5,7,7,7,8,9,7,7,7,6,9,5,7,5,7,6,6,5,6,8,8,8,3,4,6,5
287,0,24,NA,NA,NA,NA,NA,1,NA,NA,NA,NA,NA,NA,NA,NA,NA,1,NA,NA,NA,NA,NA,NA,1,NA,NA,NA,NA,1,NA,NA,NA,NA,NA,NA,1,NA,NA,NA,NA,2,1,4,7,4,5,7,6,4,6,4,4,7,1,5,7,6,5,7,3,7,6,9,6,8,6,6,6,5,8,5,7
398,0,21,NA,NA,NA,NA,NA,1,NA,NA,NA,NA,NA,NA,NA,NA,NA,NA,NA,1,NA,NA,NA,NA,NA,1,NA,NA,NA,NA,NA,NA,1,NA,NA,NA,NA,NA,NA,1,NA,12,4,3,8,7,7,5,6,6,6,6,8,4,5,5,4,7,5,6,6,7,6,6,5,6,6,9,5,5,6,4,6
426,0,22,NA,NA,NA,NA,NA,1,NA,1,NA,NA,NA,NA,NA,NA,NA,NA,NA,NA,NA,NA,1,NA,NA,NA,NA,NA,NA,NA,NA,NA,1,NA,NA,NA,NA,NA,NA,1,NA,2,3,5,6,5,3,8,6,4,6,5,5,5,2,4,6,6,7,5,5,6,8,9,5,6,6,5,7,2,5,6,6
418,0,20,NA,1,NA,NA,NA,NA,1,NA,NA,NA,NA,NA,NA,NA,NA,NA,NA,NA,NA,NA,1,NA,NA,NA,NA,NA,1,NA,NA,NA,NA,NA,NA,1,NA,NA,NA,NA,NA,1,6,6,8,7,6,6,8,8,7,5,5,7,2,7,6,6,6,7,8,4,5,8,8,8,7,3,6,2,8,5,7
443,0,25,NA,NA,NA,NA,NA,NA,NA,1,1,NA,NA,NA,NA,NA,NA,NA,NA,NA,1,1,NA,NA,NA,NA,NA,NA,NA,1,NA,NA,1,NA,NA,NA,1,NA,NA,1,NA,11,7,5,7,6,5,7,7,7,7,6,7,6,9,5,6,8,5,6,6,4,6,6,6,4,5,6,6,9,5,4,6
283,0,24,NA,1,NA,NA,NA,NA,1,NA,NA,NA,NA,NA,NA,NA,NA,NA,NA,NA,1,NA,NA,NA,NA,NA,NA,NA,NA,NA,1,NA,NA,NA,NA,NA,NA,1,NA,NA,NA,1,1,6,9,6,8,7,7,9,9,9,10,6,10,10,8,7,7,8,7,7,9,7,8,7,7,10,7,10,7,9,7
421,0,25,NA,NA,1,NA,NA,NA,NA,NA,NA,NA,NA,NA,1,NA,NA,NA,NA,NA,NA,NA,NA,NA,NA,NA,1,NA,NA,NA,NA,NA,1,NA,NA,NA,NA,NA,NA,1,NA,1,4,3,8,5,6,4,6,5,9,7,6,6,6,6,5,6,5,7,5,5,3,6,5,7,5,5,6,7,7,5,6
463,0,18,NA,NA,NA,NA,1,NA,NA,NA,NA,NA,NA,NA,1,NA,NA,NA,NA,NA,NA,NA,NA,NA,NA,1,NA,NA,1,NA,NA,NA,NA,NA,NA,1,NA,NA,NA,NA,NA,1,1,4,8,8,8,8,7,5,6,6,7,5,9,5,8,8,8,8,6,6,8,4,5,6,9,10,8,6,5,8,7
460,0,22,NA,NA,NA,NA,NA,1,NA,1,NA,NA,NA,NA,NA,NA,NA,NA,NA,NA,NA,1,NA,NA,NA,NA,NA,NA,NA,NA,NA,NA,1,NA,NA,NA,NA,NA,NA,1,NA,2,5,8,8,6,8,9,6,7,5,9,6,6,5,8,6,7,8,9,7,8,7,6,9,6,7,8,8,7,4,7,8
256,0,23,1,1,1,NA,1,NA,NA,NA,1,1,1,1,1,1,1,1,1,NA,NA,NA,NA,1,1,1,1,NA,NA,NA,NA,NA,1,NA,NA,NA,NA,NA,NA,1,NA,1,1,9,9,8,7,9,10,7,10,7,7,9,2,8,5,9,8,10,9,8,4,6,8,9,9,7,8,1,6,8,6
373,0,21,NA,1,NA,NA,NA,NA,NA,1,NA,NA,NA,NA,NA,NA,NA,NA,NA,NA,NA,NA,NA,1,NA,NA,NA,NA,1,NA,NA,NA,NA,NA,NA,1,NA,NA,NA,NA,NA,2,3,7,6,6,8,7,8,7,8,8,7,6,0,8,9,6,7,6,7,8,7,7,8,5,6,8,6,2,8,7,8
290,0,22,1,1,1,1,NA,NA,NA,1,NA,NA,NA,NA,NA,NA,NA,NA,NA,NA,NA,NA,NA,1,NA,NA,NA,NA,NA,NA,NA,NA,1,NA,NA,NA,NA,NA,NA,1,NA,2,4,6,5,6,5,5,6,6,4,7,5,6,5,5,5,6,5,4,6,5,2,4,5,6,5,4,3,7,6,2,5
299,0,19,NA,NA,NA,NA,NA,NA,NA,NA,NA,NA,NA,NA,NA,NA,NA,NA,NA,NA,NA,NA,NA,NA,NA,NA,1,NA,NA,NA,NA,NA,1,NA,NA,NA,NA,NA,NA,1,NA,1,3,10,8,5,8,8,9,9,8,10,10,10,7,10,10,8,8,8,7,9,10,9,10,10,9,10,9,9,10,10,7
314,0,26,NA,NA,NA,NA,NA,1,1,NA,NA,NA,NA,NA,NA,NA,NA,NA,NA,NA,NA,NA,NA,NA,NA,1,NA,NA,NA,NA,NA,NA,1,NA,NA,NA,NA,NA,NA,1,NA,1,6,8,7,6,5,5,5,7,5,6,4,6,4,6,6,6,8,7,5,6,4,4,6,6,7,4,6,0,5,8,5
447,0,23,NA,NA,NA,NA,NA,1,NA,1,NA,NA,NA,NA,NA,NA,NA,NA,NA,NA,NA,NA,NA,1,NA,NA,NA,NA,NA,NA,NA,NA,1,NA,NA,NA,NA,NA,NA,1,NA,2,3,6,5,0,4,3,6,5,3,5,6,5,2,5,7,4,7,5,2,3,5,4,6,6,6,5,6,1,4,5,5
444,0,24,NA,NA,NA,NA,NA,1,NA,NA,1,1,1,1,1,1,1,1,1,NA,NA,NA,1,NA,NA,NA,NA,NA,NA,NA,NA,NA,1,NA,NA,NA,NA,NA,NA,1,NA,1,3,7,7,9,8,8,8,8,7,9,9,6,7,5,7,6,7,4,3,6,2,4,6,4,5,8,5,5,6,4,4
394,0,19,NA,NA,NA,NA,NA,NA,NA,NA,NA,NA,NA,NA,NA,NA,NA,1,1,NA,NA,NA,NA,NA,NA,NA,NA,NA,NA,1,NA,NA,1,NA,NA,NA,1,NA,NA,1,NA,2,3,9,9,8,10,10,10,6,10,9,10,8,7,9,10,8,9,9,7,9,10,8,6,9,7,10,9,6,8,10,8
338,0,22,1,1,1,1,1,NA,1,1,1,1,1,1,1,1,1,NA,NA,NA,NA,NA,1,1,1,NA,NA,1,NA,NA,NA,NA,NA,NA,1,NA,NA,NA,NA,NA,NA,4,4,6,5,5,7,4,5,5,5,7,5,5,4,5,4,6,2,5,6,6,5,6,7,6,6,7,2,5,6,2,4
457,0,22,NA,NA,NA,NA,NA,NA,NA,NA,NA,NA,NA,NA,NA,NA,NA,NA,NA,NA,NA,NA,NA,NA,NA,NA,NA,NA,NA,1,NA,NA,NA,NA,NA,NA,1,NA,NA,NA,NA,2,3,5,4,4,5,4,5,3,4,4,6,6,8,6,8,6,6,7,9,7,6,6,7,6,6,9,8,8,7,9,7
435,0,22,NA,NA,NA,NA,NA,1,NA,NA,NA,NA,NA,NA,NA,NA,NA,1,NA,NA,1,1,1,NA,NA,NA,NA,NA,NA,1,NA,NA,NA,NA,NA,NA,1,NA,NA,NA,NA,2,7,10,8,9,8,7,10,9,10,10,9,10,7,7,10,10,7,6,8,8,6,8,9,8,8,9,8,5,7,7,7
411,0,18,NA,1,NA,NA,NA,NA,NA,1,NA,NA,NA,NA,1,1,1,NA,NA,NA,NA,NA,NA,NA,NA,NA,1,NA,NA,NA,NA,NA,1,NA,NA,NA,NA,NA,NA,1,NA,10,3,6,4,3,4,4,5,6,4,4,4,5,2,4,7,7,5,5,4,5,5,7,6,7,6,2,7,3,8,4,7
260,0,22,NA,NA,NA,NA,1,NA,NA,NA,NA,NA,NA,NA,NA,NA,NA,NA,1,NA,NA,NA,NA,1,NA,NA,NA,NA,NA,NA,NA,NA,1,NA,NA,NA,NA,NA,NA,1,NA,1,5,6,6,4,5,8,4,5,3,8,6,4,4,6,6,4,6,7,6,7,5,4,8,5,8,6,8,4,7,9,6
399,0,20,NA,1,NA,NA,NA,NA,1,1,1,NA,NA,NA,NA,NA,NA,NA,NA,1,NA,NA,NA,NA,NA,1,NA,NA,1,NA,NA,NA,NA,NA,NA,1,NA,NA,NA,NA,NA,12,7,9,10,7,8,10,9,10,6,8,8,7,10,9,6,7,9,9,9,7,10,5,10,9,10,10,8,6,7,7,10
312,0,25,NA,NA,NA,NA,NA,1,1,1,1,1,1,1,1,1,1,1,1,1,NA,1,NA,NA,NA,NA,NA,NA,NA,NA,NA,NA,1,NA,NA,NA,NA,NA,NA,1,NA,1,2,6,7,2,3,7,4,7,4,7,5,5,3,5,5,6,6,6,6,7,4,6,9,6,6,6,7,4,4,7,6
355,0,26,NA,1,NA,NA,NA,NA,NA,NA,NA,NA,NA,NA,NA,NA,NA,NA,NA,1,NA,NA,NA,1,NA,NA,NA,NA,1,NA,NA,NA,NA,NA,NA,1,NA,NA,NA,NA,NA,13,3,6,5,4,3,7,6,4,5,4,5,2,3,2,1,4,8,6,4,7,5,8,5,8,5,7,6,4,5,7,6
383,0,21,NA,NA,NA,NA,NA,NA,NA,NA,NA,NA,NA,NA,1,NA,NA,NA,NA,NA,1,1,NA,NA,NA,NA,NA,NA,NA,1,NA,NA,1,NA,NA,NA,1,NA,NA,1,NA,5,7,7,7,5,8,6,7,6,7,8,6,6,2,9,9,6,7,9,7,7,6,9,7,8,8,6,8,3,6,9,6
348,0,26,NA,NA,NA,NA,NA,NA,NA,NA,NA,NA,NA,NA,NA,NA,NA,NA,NA,NA,1,1,NA,NA,NA,NA,1,NA,NA,1,NA,NA,NA,NA,NA,NA,1,NA,NA,NA,NA,2,5,5,6,3,7,3,6,7,5,4,5,7,6,6,7,6,5,6,5,5,6,7,5,4,4,2,6,6,6,5,7
311,0,24,NA,1,NA,NA,1,NA,NA,NA,1,NA,NA,NA,1,1,1,NA,NA,NA,NA,NA,NA,NA,NA,NA,1,NA,NA,NA,NA,NA,1,NA,NA,NA,NA,NA,NA,1,NA,1,2,7,8,7,7,6,4,7,8,8,6,6,6,8,7,5,7,5,5,7,6,5,5,4,6,5,5,4,5,4,6
423,0,19,1,1,1,1,1,NA,NA,NA,NA,NA,NA,NA,NA,NA,NA,NA,NA,1,1,NA,NA,NA,NA,NA,NA,NA,NA,NA,NA,NA,1,NA,NA,NA,NA,NA,NA,1,NA,12,4,8,7,6,7,8,5,6,4,8,9,5,4,5,5,5,7,7,8,9,7,5,6,4,8,9,6,7,6,7,6
374,0,23,NA,NA,NA,NA,NA,1,NA,NA,1,NA,NA,NA,NA,NA,NA,NA,NA,NA,NA,NA,NA,NA,1,NA,NA,NA,NA,NA,NA,NA,1,NA,NA,NA,NA,NA,NA,1,NA,5,4,8,5,8,6,8,6,4,6,6,9,8,7,5,7,8,7,9,7,9,7,5,6,7,10,10,7,8,8,9,7
441,0,23,NA,NA,NA,NA,NA,1,NA,1,NA,NA,NA,NA,NA,NA,NA,NA,NA,NA,NA,NA,NA,1,NA,NA,NA,NA,NA,NA,NA,NA,1,NA,NA,NA,NA,NA,NA,1,NA,2,4,7,6,5,7,2,6,8,5,6,6,8,5,3,4,7,4,6,4,6,3,6,7,5,4,5,6,5,4,4,5
259,0,23,NA,NA,NA,NA,1,NA,NA,NA,NA,NA,NA,NA,NA,NA,NA,1,NA,NA,1,NA,NA,NA,NA,NA,NA,NA,NA,NA,NA,NA,1,NA,NA,NA,NA,NA,NA,1,NA,2,1,9,9,6,6,10,7,9,10,10,8,7,5,10,10,7,10,10,9,7,10,9,9,10,8,9,9,2,9,10,8
345,0,23,NA,NA,NA,NA,NA,1,NA,1,NA,NA,NA,NA,NA,NA,NA,NA,NA,NA,NA,NA,NA,NA,NA,NA,1,NA,NA,NA,NA,NA,1,NA,NA,NA,NA,NA,NA,1,NA,2,7,9,8,8,8,5,5,8,7,7,8,6,5,4,8,6,7,6,8,7,7,5,8,3,6,5,6,3,4,7,8
257,0,24,NA,NA,NA,NA,NA,NA,NA,1,1,NA,NA,NA,NA,NA,NA,NA,NA,NA,1,1,1,NA,NA,NA,NA,NA,NA,NA,NA,NA,1,NA,NA,NA,NA,NA,NA,1,NA,12,6,6,8,5,5,7,5,7,6,7,8,7,9,6,5,7,7,5,8,7,9,5,7,4,7,9,7,9,6,6,7
401,0,24,NA,NA,NA,NA,NA,1,1,NA,NA,NA,NA,NA,NA,NA,NA,NA,NA,NA,NA,NA,NA,1,NA,NA,NA,NA,NA,NA,NA,NA,1,NA,NA,NA,NA,NA,NA,1,NA,13,4,8,3,6,5,8,6,7,6,5,7,5,2,4,5,6,7,3,3,7,6,4,7,3,7,8,5,0,4,5,5
481,0,18,NA,NA,NA,NA,NA,NA,NA,NA,NA,NA,NA,NA,NA,NA,NA,NA,NA,NA,NA,NA,NA,NA,NA,NA,NA,NA,NA,NA,NA,NA,1,NA,NA,NA,NA,NA,NA,1,NA,1,4,10,9,7,10,8,9,8,8,10,10,10,9,9,10,8,10,10,7,10,10,9,10,10,9,10,10,9,7,10,10
375,0,25,NA,NA,NA,NA,NA,NA,1,1,1,1,1,1,1,1,1,NA,NA,NA,1,1,NA,NA,NA,NA,NA,NA,NA,NA,NA,NA,1,NA,NA,NA,NA,NA,NA,1,NA,12,7,9,10,8,7,10,7,9,10,9,7,5,7,10,9,7,10,10,9,10,9,7,7,10,9,9,7,7,9,10,6
464,0,22,NA,1,NA,NA,NA,NA,NA,NA,NA,NA,NA,NA,NA,NA,NA,NA,NA,1,NA,1,NA,1,NA,1,NA,NA,1,NA,NA,NA,NA,NA,NA,1,NA,NA,NA,NA,NA,12,5,10,8,9,10,10,9,9,10,10,8,9,8,10,10,9,8,8,10,8,10,8,10,9,10,8,10,7,9,10,7
489,0,21,NA,1,NA,NA,NA,NA,NA,NA,1,NA,1,NA,NA,1,1,NA,NA,NA,NA,1,NA,NA,NA,NA,NA,NA,NA,NA,NA,NA,1,NA,NA,NA,NA,NA,NA,1,NA,1,7,10,10,9,8,9,8,7,10,8,10,7,2,8,10,7,8,9,4,6,9,5,6,8,7,8,7,2,5,9,6
309,0,25,NA,NA,NA,NA,1,NA,NA,NA,NA,NA,NA,NA,NA,NA,NA,1,NA,NA,1,NA,NA,NA,NA,NA,NA,NA,NA,NA,NA,NA,1,NA,NA,NA,NA,NA,NA,1,NA,2,1,3,4,3,5,3,4,6,7,2,5,5,0,3,1,4,3,6,5,4,3,6,6,6,4,3,6,1,4,4,4
413,0,22,NA,1,NA,NA,NA,NA,NA,NA,NA,NA,NA,NA,NA,NA,NA,NA,NA,1,NA,NA,NA,1,NA,NA,NA,NA,1,NA,NA,NA,NA,NA,NA,1,NA,NA,NA,NA,NA,13,4,6,7,7,6,9,6,7,6,7,6,4,5,6,6,7,9,6,4,4,5,5,5,8,7,6,5,3,6,6,6
298,0,26,NA,NA,NA,NA,NA,1,1,1,1,1,1,1,1,1,1,NA,NA,1,1,1,1,1,NA,NA,NA,NA,NA,NA,NA,NA,1,NA,NA,NA,NA,NA,NA,1,NA,10,7,7,9,6,8,10,6,9,8,6,7,7,5,8,3,6,6,7,7,9,10,6,8,7,8,7,8,5,6,7,3
487,0,24,NA,NA,NA,NA,1,1,1,NA,NA,NA,NA,NA,NA,NA,NA,NA,NA,NA,NA,NA,NA,1,NA,NA,NA,NA,NA,NA,NA,NA,1,NA,NA,NA,NA,NA,NA,1,NA,1,4,9,9,7,9,7,7,7,7,8,7,6,4,6,8,7,9,10,9,9,6,7,10,9,10,9,7,5,8,8,10
388,0,20,NA,NA,NA,NA,NA,1,NA,NA,NA,NA,NA,NA,1,NA,NA,NA,NA,NA,NA,NA,NA,NA,NA,NA,1,NA,NA,NA,NA,NA,1,NA,NA,NA,NA,NA,NA,1,NA,7,7,6,6,8,5,5,6,6,7,7,6,6,1,7,7,7,6,4,6,3,6,5,4,6,4,5,6,2,4,5,5
498,0,24,NA,1,NA,NA,NA,NA,NA,NA,NA,NA,NA,NA,1,NA,NA,NA,NA,NA,1,1,NA,NA,NA,NA,NA,1,NA,NA,NA,NA,NA,NA,1,NA,NA,NA,NA,NA,NA,11,5,6,7,5,5,6,4,8,3,7,5,5,4,6,5,5,6,5,4,6,5,5,7,6,6,4,5,5,4,5,5
255,0,18,NA,NA,NA,NA,NA,1,1,1,1,1,1,1,1,NA,NA,NA,NA,NA,1,1,1,1,NA,NA,NA,1,NA,NA,NA,NA,NA,NA,1,NA,NA,NA,NA,NA,NA,10,7,10,7,6,8,6,8,8,7,8,10,8,5,7,6,8,7,9,10,9,7,7,7,9,7,10,8,4,7,7,7
286,0,25,NA,1,NA,NA,NA,NA,NA,1,NA,NA,NA,NA,NA,NA,NA,NA,NA,NA,1,NA,NA,NA,NA,NA,NA,NA,1,NA,NA,NA,NA,NA,NA,1,NA,NA,NA,NA,NA,2,1,5,3,2,3,3,6,2,2,4,5,3,6,2,2,3,4,2,4,3,5,5,3,4,3,5,5,9,6,3,5
409,0,21,NA,NA,NA,NA,1,NA,NA,NA,NA,NA,NA,NA,NA,NA,NA,1,NA,NA,NA,NA,NA,NA,NA,NA,1,NA,1,NA,NA,NA,NA,NA,NA,1,NA,NA,NA,NA,NA,1,1,8,7,5,6,8,8,7,6,7,8,6,6,6,8,5,6,5,6,7,7,6,6,6,8,8,7,5,5,6,5
461,0,25,NA,1,NA,NA,NA,NA,NA,NA,NA,NA,NA,NA,NA,NA,1,NA,NA,NA,NA,NA,NA,1,NA,NA,NA,NA,1,NA,NA,NA,NA,NA,NA,1,NA,NA,NA,NA,NA,9,4,10,6,6,7,6,9,6,6,9,4,9,6,7,6,9,8,10,9,9,4,8,9,8,9,5,10,5,7,9,10
268,0,23,NA,NA,NA,NA,NA,NA,NA,NA,NA,NA,NA,NA,NA,NA,NA,NA,NA,NA,1,1,NA,NA,NA,NA,NA,1,NA,NA,NA,NA,NA,NA,1,NA,NA,NA,NA,NA,NA,1,6,7,7,5,5,6,6,7,8,7,7,6,0,6,7,3,8,6,8,5,5,6,7,6,6,5,6,1,5,7,5
322,0,24,NA,NA,NA,NA,1,NA,1,1,1,1,1,1,NA,1,1,1,1,1,1,NA,NA,NA,NA,NA,NA,1,NA,NA,NA,NA,NA,NA,1,NA,NA,NA,NA,NA,NA,7,6,10,7,7,8,7,8,6,8,7,7,10,8,8,10,8,8,7,4,7,5,6,7,6,8,5,8,6,5,9,7
326,0,25,1,1,1,NA,1,NA,NA,NA,1,1,1,1,1,1,1,1,1,NA,NA,NA,NA,1,1,1,1,NA,NA,NA,NA,NA,1,NA,NA,NA,NA,NA,NA,1,NA,1,1,6,5,4,5,7,5,5,4,3,4,5,5,3,6,5,8,4,5,7,7,4,6,5,8,5,6,5,4,7,6
337,0,22,NA,NA,NA,NA,NA,NA,1,NA,NA,NA,NA,NA,NA,NA,NA,NA,NA,NA,NA,NA,NA,NA,1,1,1,NA,NA,NA,NA,NA,1,NA,NA,NA,NA,NA,NA,1,NA,1,4,8,7,5,5,7,7,7,7,6,5,6,8,5,4,6,6,6,7,5,6,5,5,6,5,4,2,5,5,3,5
367,0,23,NA,NA,NA,NA,NA,1,NA,1,NA,NA,NA,NA,NA,NA,NA,NA,NA,NA,NA,1,NA,NA,NA,NA,NA,NA,NA,NA,NA,NA,1,NA,NA,NA,NA,NA,NA,1,NA,2,2,7,2,1,3,4,3,4,1,5,4,3,2,3,7,3,5,3,1,1,4,2,4,2,5,3,4,1,4,5,3
340,0,20,NA,NA,NA,NA,NA,NA,NA,NA,NA,NA,NA,NA,NA,NA,NA,NA,NA,NA,NA,NA,NA,NA,NA,NA,NA,1,NA,NA,NA,NA,NA,NA,1,NA,NA,NA,NA,NA,NA,13,4,5,6,6,4,5,3,7,5,5,5,4,7,3,7,5,7,4,6,6,4,4,8,7,6,5,4,9,6,4,5
483,0,26,NA,NA,NA,NA,NA,1,NA,1,NA,NA,NA,NA,NA,NA,NA,NA,NA,NA,NA,NA,NA,1,NA,NA,NA,NA,NA,NA,NA,NA,1,NA,NA,NA,NA,NA,NA,1,NA,2,3,7,5,4,4,2,6,6,4,6,4,5,2,5,7,7,7,7,7,6,5,5,7,8,7,4,6,1,6,7,5
327,0,18,NA,NA,NA,NA,NA,NA,NA,NA,NA,NA,NA,NA,NA,NA,NA,NA,NA,NA,1,NA,NA,NA,NA,NA,NA,NA,NA,1,NA,NA,NA,NA,NA,NA,1,NA,NA,NA,NA,2,4,6,5,6,6,4,6,6,6,5,6,7,5,8,7,5,7,8,8,7,8,8,8,9,5,6,7,7,8,6,7
449,0,26,1,NA,NA,NA,1,NA,NA,NA,NA,NA,NA,NA,1,NA,1,NA,NA,NA,1,NA,NA,NA,NA,NA,1,NA,NA,NA,NA,NA,1,NA,NA,NA,NA,NA,NA,1,NA,1,5,7,7,10,9,7,8,8,9,9,4,9,5,9,9,9,10,8,9,10,7,10,10,10,9,6,8,5,8,10,9
332,0,26,NA,1,NA,NA,NA,NA,NA,NA,NA,NA,NA,NA,NA,NA,NA,NA,NA,1,NA,NA,1,NA,NA,NA,NA,NA,1,NA,NA,NA,NA,NA,NA,1,NA,NA,NA,NA,NA,2,5,10,5,7,7,6,7,8,5,7,7,5,5,5,7,4,9,7,6,5,3,4,8,6,8,6,5,4,4,8,4
403,0,19,NA,NA,NA,NA,NA,NA,1,NA,NA,NA,NA,NA,NA,NA,NA,NA,NA,NA,NA,NA,NA,NA,NA,1,1,NA,NA,NA,NA,NA,1,NA,NA,NA,NA,NA,NA,1,NA,1,1,8,8,10,8,9,8,8,5,9,10,7,7,9,6,7,7,9,10,10,10,7,7,7,10,6,9,3,8,6,7
306,0,18,NA,NA,1,NA,1,NA,NA,1,NA,NA,NA,NA,NA,NA,NA,NA,NA,NA,1,NA,NA,NA,NA,NA,1,1,NA,NA,NA,NA,NA,NA,1,NA,NA,NA,NA,NA,NA,2,4,6,9,6,7,7,4,7,6,7,9,5,7,6,8,7,6,4,5,6,6,4,6,5,4,6,4,4,3,5,7
282,0,19,1,1,NA,NA,NA,NA,NA,1,NA,1,1,1,1,1,1,1,1,NA,1,1,NA,NA,NA,1,1,NA,NA,NA,NA,NA,1,NA,NA,NA,NA,NA,NA,1,NA,1,4,6,9,6,8,6,8,9,9,8,8,7,5,9,9,9,7,8,9,8,5,10,9,8,7,6,8,6,8,8,7
359,0,23,NA,NA,1,NA,NA,NA,NA,NA,NA,NA,NA,NA,NA,NA,NA,1,NA,NA,NA,NA,NA,NA,1,NA,NA,NA,NA,NA,NA,NA,1,NA,NA,NA,NA,NA,NA,1,NA,13,4,6,3,2,1,3,4,6,4,3,3,2,3,4,5,3,8,4,4,6,4,5,2,4,4,5,5,2,3,7,3
371,0,21,NA,1,NA,NA,NA,NA,NA,NA,NA,NA,NA,NA,NA,1,NA,1,NA,NA,NA,NA,NA,NA,1,1,1,NA,NA,NA,NA,NA,1,NA,NA,NA,NA,NA,NA,1,NA,12,1,9,9,8,9,8,10,9,10,10,5,8,9,9,10,6,8,6,9,8,9,8,8,9,7,5,8,7,9,6,7
291,0,22,1,NA,NA,NA,NA,NA,NA,NA,NA,NA,NA,NA,NA,1,1,1,1,NA,1,NA,NA,NA,NA,NA,NA,NA,NA,NA,NA,1,NA,NA,NA,NA,NA,NA,1,NA,NA,7,4,6,8,5,9,7,6,8,8,8,9,6,0,7,7,3,5,6,3,3,6,4,5,4,5,7,5,0,4,4,4
465,0,21,NA,1,NA,NA,NA,NA,1,NA,NA,NA,NA,NA,NA,NA,NA,NA,NA,NA,NA,NA,NA,1,NA,NA,NA,NA,1,NA,NA,NA,NA,NA,NA,1,NA,NA,NA,NA,NA,1,4,5,5,5,4,4,3,2,5,6,4,2,0,4,6,4,6,5,5,5,3,4,4,6,6,3,4,0,6,7,6
297,0,22,NA,1,NA,NA,NA,NA,1,NA,NA,NA,NA,NA,NA,NA,NA,NA,NA,NA,NA,NA,NA,NA,1,NA,NA,NA,1,NA,NA,NA,NA,NA,NA,1,NA,NA,NA,NA,NA,12,4,8,8,5,8,5,6,8,6,8,6,6,6,7,8,8,8,6,6,8,7,7,10,7,8,7,8,5,6,9,7
308,0,23,NA,NA,NA,NA,1,NA,NA,NA,NA,1,NA,NA,NA,NA,NA,NA,NA,NA,1,NA,NA,NA,NA,NA,1,NA,NA,NA,NA,NA,1,NA,NA,NA,NA,NA,NA,1,NA,2,4,6,4,7,5,5,3,6,4,6,5,5,9,4,5,5,6,5,6,7,4,6,5,4,6,6,6,10,5,7,3
171,1,25,NA,NA,1,NA,NA,NA,1,NA,NA,NA,NA,NA,NA,NA,NA,NA,NA,NA,1,1,1,NA,NA,NA,NA,NA,NA,1,NA,NA,NA,NA,NA,NA,1,NA,NA,NA,NA,2,6,10,7,8,10,8,5,9,9,8,7,8,9,6,10,7,6,7,6,7,9,5,8,7,7,7,9,5,6,9,7
204,1,23,NA,NA,1,NA,NA,1,1,1,NA,NA,NA,NA,NA,NA,NA,NA,NA,NA,NA,NA,NA,NA,NA,1,1,NA,NA,1,NA,NA,NA,NA,NA,NA,1,NA,NA,NA,NA,1,6,8,10,7,7,7,6,7,8,7,8,8,8,6,7,8,8,7,7,8,6,7,8,7,8,10,9,4,6,9,8
122,1,18,NA,NA,NA,NA,NA,NA,NA,NA,1,1,1,1,NA,NA,NA,NA,NA,NA,1,1,1,NA,NA,NA,NA,NA,NA,NA,NA,NA,1,NA,NA,NA,NA,NA,NA,1,NA,11,6,10,9,7,8,8,6,7,4,8,10,6,6,8,9,7,8,8,4,8,8,6,7,5,8,7,5,6,7,7,5
20,1,26,NA,NA,NA,NA,NA,1,1,NA,NA,NA,NA,NA,NA,NA,NA,NA,NA,NA,NA,NA,NA,NA,NA,1,NA,NA,NA,NA,NA,NA,1,NA,NA,NA,NA,NA,NA,1,NA,1,2,7,8,9,9,7,7,7,7,8,3,8,5,9,8,8,6,8,9,7,7,8,7,8,8,6,8,8,9,9,7
94,1,21,NA,NA,NA,NA,NA,1,NA,NA,NA,NA,NA,NA,NA,NA,NA,1,NA,1,NA,NA,NA,NA,1,NA,NA,NA,NA,1,NA,NA,NA,NA,NA,NA,1,NA,NA,NA,NA,2,4,5,7,7,7,6,7,7,6,8,9,9,2,8,8,8,7,9,9,6,8,6,8,9,10,8,7,3,9,7,8
75,1,24,NA,NA,NA,NA,NA,1,NA,NA,NA,NA,NA,NA,NA,NA,NA,NA,NA,1,NA,NA,NA,1,NA,NA,NA,NA,NA,NA,NA,NA,1,NA,NA,NA,NA,NA,NA,1,NA,12,4,6,6,5,7,5,5,5,7,5,3,6,4,5,5,6,7,8,6,5,6,5,6,8,6,6,6,3,5,6,8
114,1,22,NA,NA,NA,NA,NA,1,NA,NA,NA,NA,NA,NA,NA,1,NA,1,NA,NA,1,NA,NA,NA,NA,NA,NA,NA,NA,1,NA,NA,NA,NA,NA,NA,1,NA,NA,NA,NA,2,7,4,6,4,1,5,5,2,4,3,6,4,6,4,3,5,6,7,5,3,5,8,4,5,6,6,7,6,7,6,8
60,1,21,NA,1,NA,NA,NA,1,NA,1,NA,NA,NA,NA,NA,NA,NA,NA,NA,NA,NA,NA,NA,1,NA,NA,NA,NA,NA,NA,NA,NA,1,NA,NA,NA,NA,NA,NA,1,NA,2,4,9,8,8,8,8,7,9,7,10,6,9,8,7,10,7,8,8,8,8,10,8,8,7,8,7,6,9,7,8,7
147,1,22,1,NA,NA,NA,NA,NA,NA,NA,NA,NA,NA,NA,NA,NA,1,1,NA,NA,NA,NA,NA,NA,NA,1,NA,NA,1,NA,NA,NA,NA,NA,NA,1,NA,NA,NA,NA,NA,1,4,6,7,6,7,4,7,7,7,5,6,5,5,5,6,5,6,7,6,8,5,8,6,6,6,6,6,3,6,8,6
161,1,24,1,NA,NA,1,NA,NA,NA,NA,NA,NA,NA,NA,NA,NA,1,NA,NA,NA,1,NA,NA,NA,NA,NA,1,NA,NA,NA,NA,NA,1,NA,NA,NA,NA,NA,NA,1,NA,12,5,7,7,7,8,7,8,9,5,9,7,6,3,8,7,9,9,8,4,8,5,7,9,8,7,6,8,2,6,10,7
157,1,23,NA,1,NA,NA,NA,1,NA,1,NA,NA,NA,NA,NA,NA,NA,NA,NA,NA,NA,NA,NA,1,NA,NA,NA,NA,NA,NA,NA,NA,1,NA,NA,NA,NA,NA,NA,1,NA,2,4,8,7,5,5,5,8,8,9,8,5,8,2,6,8,6,6,5,4,6,4,6,6,7,5,5,9,2,7,5,8
44,1,19,NA,NA,1,NA,1,NA,NA,NA,NA,NA,NA,NA,NA,1,1,1,1,NA,1,NA,NA,NA,NA,NA,1,1,NA,NA,NA,NA,NA,NA,1,NA,NA,NA,NA,NA,NA,2,4,5,7,5,5,6,5,7,5,7,5,3,6,6,7,5,2,4,2,4,5,3,6,5,5,6,6,5,5,7,4
240,1,24,NA,NA,NA,NA,NA,NA,NA,NA,1,1,1,1,1,1,1,NA,NA,NA,1,NA,NA,NA,NA,NA,1,NA,NA,NA,NA,NA,1,NA,NA,NA,NA,NA,NA,1,NA,12,4,6,5,6,8,6,7,5,7,8,7,7,0,6,8,6,6,5,4,8,5,5,5,6,7,6,4,1,6,5,3
224,1,20,NA,NA,NA,NA,NA,NA,NA,NA,NA,NA,NA,NA,NA,NA,NA,NA,NA,NA,NA,NA,NA,NA,NA,NA,NA,NA,NA,NA,NA,NA,1,NA,NA,NA,NA,NA,NA,1,NA,8,5,6,6,5,7,5,8,7,8,8,8,6,3,7,8,8,8,8,8,8,5,7,8,8,8,6,7,1,6,8,8
185,1,18,NA,NA,NA,NA,NA,NA,1,1,1,1,1,1,NA,1,1,NA,1,NA,1,1,NA,NA,NA,NA,NA,1,NA,NA,NA,NA,NA,NA,1,NA,NA,NA,NA,NA,NA,7,4,8,9,8,10,7,7,9,8,8,10,8,2,6,7,6,9,8,6,9,7,7,7,8,8,7,7,0,6,10,6
90,1,23,NA,NA,NA,NA,1,NA,NA,NA,NA,NA,NA,NA,1,NA,NA,NA,NA,NA,NA,1,NA,NA,NA,NA,NA,NA,NA,NA,NA,NA,1,NA,NA,NA,NA,NA,NA,1,NA,2,2,3,3,4,4,4,3,1,2,5,4,2,4,2,2,5,3,6,4,3,5,4,4,6,4,7,3,5,4,5,7
2,1,20,NA,NA,NA,NA,1,NA,NA,NA,NA,NA,NA,NA,NA,NA,NA,1,NA,NA,1,1,NA,NA,NA,NA,NA,NA,NA,NA,NA,NA,1,NA,NA,NA,NA,NA,NA,1,NA,2,3,9,9,9,8,8,5,9,5,7,6,6,6,6,9,7,10,10,10,8,8,7,9,8,10,8,9,5,8,9,8
136,1,24,NA,NA,NA,NA,NA,NA,NA,1,1,1,1,1,1,1,1,1,1,1,1,1,NA,NA,NA,NA,1,NA,1,NA,NA,NA,NA,NA,NA,1,NA,NA,NA,NA,NA,1,5,8,8,7,7,8,7,9,8,9,9,9,4,7,9,7,9,7,7,9,5,7,7,8,8,7,8,4,6,9,7
156,1,18,NA,NA,NA,NA,1,NA,NA,NA,NA,NA,NA,NA,1,NA,NA,NA,NA,NA,NA,1,NA,NA,NA,NA,NA,NA,NA,NA,NA,NA,1,NA,NA,NA,NA,NA,NA,1,NA,2,2,6,9,7,8,6,8,8,8,8,8,8,5,8,8,9,6,6,8,6,8,6,9,8,6,8,9,5,7,7,7
26,1,22,NA,1,NA,NA,NA,NA,NA,NA,NA,NA,NA,NA,NA,NA,NA,NA,NA,1,NA,NA,1,NA,1,NA,NA,NA,1,NA,NA,NA,NA,NA,NA,1,NA,NA,NA,NA,NA,12,5,7,9,8,9,9,7,7,9,8,9,6,9,6,8,7,7,8,6,7,6,5,6,8,7,7,7,7,7,7,8
149,1,21,NA,NA,NA,NA,NA,NA,NA,1,1,1,1,1,1,1,1,1,1,1,NA,NA,NA,NA,1,1,1,NA,NA,NA,NA,NA,1,NA,NA,NA,NA,NA,NA,1,NA,1,1,9,9,7,9,9,8,9,7,9,9,9,7,7,10,9,6,8,6,7,9,6,8,8,8,8,9,5,7,10,7
239,1,19,NA,NA,NA,NA,NA,1,NA,1,NA,NA,NA,NA,NA,NA,NA,NA,NA,NA,NA,NA,NA,NA,NA,NA,1,NA,NA,NA,NA,NA,1,NA,NA,NA,NA,NA,NA,1,NA,2,5,8,7,5,5,8,8,7,6,7,9,5,3,6,5,6,5,8,6,5,9,8,6,7,5,3,8,3,8,8,5
244,1,20,NA,NA,NA,NA,NA,1,NA,NA,NA,NA,NA,NA,NA,NA,NA,NA,NA,NA,1,NA,NA,NA,NA,NA,1,NA,NA,NA,NA,NA,1,NA,NA,NA,NA,NA,NA,1,NA,2,4,3,5,4,4,3,5,5,4,4,4,3,6,4,3,4,3,4,4,4,4,5,4,5,6,5,7,6,4,3,5
191,1,24,NA,NA,NA,NA,NA,NA,NA,NA,NA,NA,NA,NA,NA,NA,NA,NA,NA,NA,NA,NA,NA,NA,NA,NA,NA,NA,NA,NA,NA,NA,1,NA,NA,NA,NA,NA,NA,1,NA,4,2,6,9,9,8,9,8,6,7,8,8,6,5,7,9,8,5,6,6,6,8,5,6,7,7,9,5,1,6,9,7
104,1,23,1,1,1,1,1,1,1,1,1,1,1,NA,NA,NA,NA,NA,NA,NA,NA,NA,NA,NA,1,1,1,NA,NA,NA,NA,NA,1,NA,NA,NA,NA,NA,NA,1,NA,2,6,7,6,6,6,7,6,8,5,7,7,9,8,3,6,7,10,8,7,9,8,6,7,8,8,6,7,9,5,7,7
163,1,19,NA,1,NA,NA,NA,NA,NA,NA,NA,NA,NA,NA,NA,NA,NA,1,NA,NA,1,NA,NA,NA,NA,NA,1,NA,NA,1,NA,NA,NA,NA,NA,NA,1,NA,NA,NA,NA,2,4,8,6,7,8,10,8,6,6,7,9,6,9,8,9,8,10,8,8,7,8,7,9,8,9,9,8,8,8,10,7
210,1,24,NA,NA,NA,NA,1,NA,NA,NA,NA,NA,NA,NA,1,NA,NA,NA,NA,NA,NA,NA,NA,1,NA,NA,NA,NA,NA,NA,NA,NA,1,NA,NA,NA,NA,NA,NA,1,NA,2,4,7,6,4,5,5,5,6,5,3,1,6,4,5,7,5,7,6,6,3,5,4,6,6,5,5,7,3,3,9,6
130,1,26,NA,NA,NA,1,NA,NA,NA,NA,NA,NA,NA,NA,NA,NA,NA,NA,NA,1,NA,NA,NA,1,NA,NA,NA,NA,NA,1,NA,NA,1,NA,NA,NA,1,NA,NA,1,NA,1,5,6,9,4,7,6,5,7,7,6,8,6,7,4,8,5,8,7,3,8,8,6,8,5,9,8,7,3,6,10,7
62,1,24,NA,NA,NA,NA,NA,1,NA,NA,NA,NA,NA,NA,NA,1,NA,1,NA,NA,1,NA,NA,NA,NA,NA,NA,NA,NA,1,NA,NA,NA,NA,NA,NA,1,NA,NA,NA,NA,2,7,8,7,5,6,7,7,6,7,7,7,7,8,7,8,6,7,5,7,6,5,5,6,8,5,5,5,9,5,7,6
48,1,19,NA,1,NA,NA,NA,NA,NA,NA,NA,NA,NA,NA,1,NA,NA,NA,NA,NA,NA,NA,NA,1,NA,NA,NA,NA,1,NA,NA,NA,NA,NA,NA,1,NA,NA,NA,NA,NA,7,3,9,6,5,8,8,7,7,7,9,4,8,1,6,4,8,7,9,5,7,7,8,6,7,7,6,8,4,7,7,7
95,1,21,NA,NA,NA,NA,NA,1,1,NA,NA,NA,NA,NA,1,NA,NA,NA,NA,NA,NA,1,1,NA,NA,NA,NA,NA,NA,NA,NA,NA,1,NA,NA,NA,NA,NA,NA,1,NA,7,3,9,8,5,7,7,7,7,9,8,3,8,6,3,8,8,7,9,5,6,6,5,6,9,6,7,8,4,5,7,8
119,1,18,NA,1,NA,NA,NA,NA,NA,NA,NA,1,NA,NA,NA,NA,1,NA,1,NA,NA,NA,NA,1,NA,NA,NA,NA,1,NA,NA,NA,NA,NA,NA,1,NA,NA,NA,NA,NA,9,4,8,6,3,8,6,9,7,6,9,5,7,5,7,5,7,6,6,3,6,4,7,6,7,5,6,5,7,4,5,4
45,1,25,NA,NA,NA,NA,NA,NA,NA,NA,NA,NA,NA,NA,NA,NA,NA,1,1,NA,NA,NA,NA,NA,1,NA,NA,NA,NA,NA,NA,NA,1,NA,NA,NA,NA,NA,NA,1,NA,12,2,4,7,3,4,4,4,5,5,6,3,5,3,6,5,5,7,7,4,4,6,4,4,6,6,7,6,4,5,6,5
73,1,20,NA,1,NA,NA,1,NA,NA,NA,NA,NA,NA,NA,NA,NA,NA,NA,NA,1,1,NA,NA,NA,NA,NA,NA,NA,NA,NA,NA,NA,1,NA,NA,NA,NA,NA,NA,1,NA,2,4,6,6,6,7,8,5,7,6,6,8,8,7,6,7,4,8,7,6,7,8,6,6,7,8,7,8,4,7,8,5
91,1,21,NA,1,NA,NA,NA,1,NA,1,NA,NA,NA,NA,NA,NA,NA,NA,NA,NA,NA,NA,NA,1,NA,NA,NA,NA,NA,NA,NA,NA,1,NA,NA,NA,NA,NA,NA,1,NA,1,4,7,6,5,7,9,8,7,7,6,6,8,5,6,7,6,10,7,7,7,10,6,10,8,7,5,7,6,7,9,7
211,1,19,NA,NA,NA,NA,NA,1,1,1,1,1,1,1,1,1,1,1,1,1,NA,NA,NA,1,NA,NA,NA,NA,NA,NA,NA,NA,1,NA,NA,NA,NA,NA,NA,1,NA,12,5,8,5,7,8,6,7,8,8,6,6,7,4,6,6,4,6,6,5,8,8,8,7,4,6,3,5,4,7,6,5
124,1,25,NA,NA,NA,NA,NA,NA,NA,NA,NA,NA,NA,NA,NA,NA,NA,1,NA,NA,NA,NA,NA,NA,NA,NA,NA,NA,NA,NA,NA,NA,1,NA,NA,NA,NA,NA,NA,1,NA,12,4,6,5,8,8,6,6,7,7,8,7,9,6,9,6,6,6,6,4,6,7,6,6,7,7,6,6,3,6,7,5
241,1,19,NA,NA,NA,1,NA,NA,NA,NA,NA,NA,NA,NA,NA,NA,NA,NA,NA,1,NA,NA,NA,1,NA,NA,NA,NA,NA,1,NA,NA,1,NA,NA,NA,1,NA,NA,1,NA,1,5,4,8,5,8,5,4,5,7,5,9,6,2,6,6,5,6,6,3,8,5,7,6,5,6,8,6,5,8,7,4
14,1,23,1,1,1,1,1,NA,1,1,1,1,1,1,1,1,1,1,1,1,NA,NA,NA,NA,1,1,1,NA,1,NA,NA,NA,NA,NA,NA,1,NA,NA,NA,NA,NA,1,7,9,8,9,9,9,9,10,9,10,8,9,2,8,10,7,9,4,6,7,9,7,6,7,8,7,5,0,5,7,4
199,1,19,NA,NA,NA,1,NA,NA,1,1,NA,1,NA,NA,1,1,NA,NA,NA,NA,NA,NA,NA,NA,NA,NA,1,NA,1,NA,NA,NA,NA,NA,NA,1,NA,NA,NA,NA,NA,12,2,5,6,5,5,6,5,5,8,6,8,7,1,5,7,4,5,6,5,4,7,4,6,7,6,7,5,1,7,3,5
5,1,20,1,1,1,1,1,NA,NA,NA,NA,NA,1,NA,1,NA,1,1,1,NA,1,1,1,NA,1,1,1,NA,NA,NA,NA,NA,1,NA,NA,NA,NA,NA,NA,1,NA,2,4,1,2,4,3,2,2,0,3,2,2,3,0,4,0,3,2,4,4,3,1,3,5,5,5,4,3,1,5,2,4
139,1,19,NA,NA,NA,NA,NA,NA,NA,NA,1,1,1,1,1,1,1,NA,NA,NA,1,NA,NA,NA,NA,NA,1,NA,NA,NA,NA,NA,1,NA,NA,NA,NA,NA,NA,1,NA,12,4,6,8,6,9,6,7,8,5,5,6,8,4,7,9,7,7,6,5,7,9,5,7,6,8,6,7,2,5,8,5
84,1,24,1,1,NA,NA,NA,NA,NA,NA,NA,NA,NA,NA,NA,NA,NA,1,NA,NA,NA,NA,NA,NA,1,1,1,NA,NA,NA,NA,NA,1,NA,NA,NA,NA,NA,NA,1,NA,1,1,7,7,10,9,8,9,5,7,9,10,7,3,8,8,8,6,9,7,8,5,7,5,6,5,6,8,3,7,8,6
10,1,22,1,1,1,1,1,NA,NA,NA,1,1,1,1,1,1,1,1,1,1,NA,NA,NA,1,1,1,1,NA,NA,NA,NA,NA,1,NA,NA,NA,NA,NA,NA,1,NA,1,1,8,6,5,8,6,6,8,6,6,7,7,7,6,6,7,6,7,8,8,6,7,6,6,5,5,4,7,4,8,6
196,1,23,NA,NA,NA,NA,NA,NA,NA,NA,NA,NA,NA,NA,NA,NA,NA,NA,NA,NA,NA,NA,NA,NA,NA,NA,NA,NA,NA,NA,NA,NA,1,NA,NA,NA,NA,NA,NA,1,NA,11,4,6,7,6,7,5,8,6,8,6,5,7,2,7,7,7,5,5,2,6,7,7,4,6,6,6,5,3,8,5,7
152,1,21,NA,NA,NA,NA,NA,NA,NA,NA,NA,NA,NA,NA,NA,NA,NA,NA,NA,NA,NA,NA,NA,NA,NA,NA,NA,1,NA,NA,NA,NA,NA,NA,1,NA,NA,NA,NA,NA,NA,10,6,4,6,9,9,6,6,8,6,6,9,5,10,8,9,7,7,7,8,8,8,9,7,6,8,9,9,8,6,9,7
217,1,21,NA,1,NA,1,NA,NA,NA,NA,NA,NA,1,1,NA,1,1,1,1,NA,1,NA,NA,NA,NA,NA,1,NA,NA,NA,NA,NA,1,NA,NA,NA,NA,NA,NA,1,NA,1,4,6,4,5,6,6,6,3,4,5,6,6,5,6,6,6,5,5,6,5,5,5,6,5,5,8,5,6,6,6,5
142,1,24,NA,NA,NA,NA,NA,1,NA,NA,NA,NA,NA,NA,NA,NA,NA,NA,NA,1,NA,NA,NA,1,NA,NA,NA,NA,NA,NA,NA,NA,1,NA,NA,NA,NA,NA,NA,1,NA,12,4,7,6,5,8,6,6,7,6,8,9,6,1,7,9,6,8,7,4,8,8,6,7,8,8,7,7,1,6,9,7
234,1,20,NA,NA,NA,NA,NA,1,NA,NA,NA,NA,NA,NA,NA,NA,NA,NA,1,NA,NA,NA,NA,NA,NA,NA,1,NA,NA,NA,NA,NA,1,NA,NA,NA,NA,NA,NA,1,NA,11,7,10,9,6,7,5,8,9,8,9,10,10,1,9,8,10,8,9,6,7,4,6,8,9,9,7,8,0,8,8,8
192,1,19,1,1,NA,1,1,NA,NA,NA,NA,NA,NA,NA,NA,NA,NA,NA,NA,NA,NA,NA,NA,NA,NA,NA,1,NA,NA,NA,NA,NA,1,NA,NA,NA,NA,NA,NA,1,NA,10,4,9,6,7,10,9,7,6,9,9,8,9,8,8,8,8,8,9,10,10,9,5,10,10,9,7,7,5,5,9,8
61,1,22,1,1,1,1,1,NA,NA,NA,NA,NA,NA,NA,NA,NA,NA,NA,NA,NA,NA,NA,NA,NA,NA,1,1,NA,NA,NA,NA,NA,1,NA,NA,NA,NA,NA,NA,1,NA,2,2,4,4,6,4,4,4,5,6,5,4,4,0,4,5,4,3,4,5,2,4,2,4,3,4,4,2,0,6,5,3
97,1,21,NA,NA,NA,NA,NA,NA,NA,NA,NA,1,1,1,1,1,1,1,1,1,NA,NA,NA,NA,NA,NA,NA,NA,NA,NA,NA,NA,1,NA,NA,NA,NA,NA,NA,1,NA,2,5,7,10,7,10,8,8,8,9,7,10,6,7,8,9,8,9,8,6,10,9,9,7,8,7,8,8,6,6,8,7
105,1,20,NA,NA,NA,NA,NA,1,NA,NA,NA,NA,NA,NA,NA,NA,NA,NA,NA,1,NA,NA,NA,1,NA,NA,NA,NA,NA,NA,NA,NA,1,NA,NA,NA,NA,NA,NA,1,NA,12,7,10,10,7,10,10,8,10,9,8,9,9,3,8,10,8,7,10,8,8,10,8,8,10,8,8,10,0,9,8,9
236,1,23,NA,NA,NA,NA,NA,NA,NA,NA,NA,NA,NA,NA,NA,NA,NA,1,1,NA,NA,NA,NA,NA,1,NA,NA,NA,NA,NA,NA,NA,1,NA,NA,NA,NA,NA,NA,1,NA,12,2,10,8,6,9,9,8,8,7,7,6,9,6,6,8,8,10,8,5,8,8,7,10,9,8,9,9,8,9,9,8
127,1,19,NA,NA,NA,NA,NA,NA,NA,NA,NA,NA,NA,NA,NA,NA,NA,1,NA,NA,1,NA,NA,NA,NA,NA,NA,NA,NA,NA,NA,NA,1,NA,NA,NA,NA,NA,NA,1,NA,11,3,7,9,6,7,9,6,7,8,9,10,7,10,9,5,6,9,8,8,8,6,7,8,7,10,10,9,8,8,9,8
158,1,19,NA,NA,NA,NA,NA,1,NA,NA,NA,NA,NA,NA,NA,NA,NA,NA,NA,1,NA,1,NA,NA,NA,NA,NA,NA,NA,NA,NA,NA,1,NA,NA,NA,NA,NA,NA,1,NA,12,3,8,9,8,8,7,10,10,9,7,7,10,6,10,10,8,9,8,10,8,7,8,9,8,10,7,7,7,7,6,6
195,1,19,NA,NA,NA,NA,NA,NA,NA,NA,NA,NA,NA,NA,NA,NA,NA,NA,NA,NA,NA,NA,NA,NA,NA,NA,NA,NA,NA,1,NA,NA,NA,NA,NA,NA,1,NA,NA,NA,NA,1,2,6,7,5,8,4,7,8,7,7,6,9,3,2,8,8,7,7,2,7,5,7,5,7,5,5,6,5,7,8,8
242,1,22,NA,NA,NA,NA,NA,1,NA,NA,NA,NA,NA,NA,NA,NA,NA,NA,NA,1,NA,1,NA,NA,NA,NA,NA,NA,1,NA,NA,NA,NA,NA,NA,1,NA,NA,NA,NA,NA,2,3,6,2,6,5,6,4,5,5,5,5,4,9,4,6,2,8,5,6,6,8,6,4,5,7,5,6,4,5,7,5
58,1,24,NA,NA,NA,NA,NA,NA,NA,NA,NA,NA,NA,NA,NA,NA,NA,NA,NA,NA,NA,NA,NA,NA,NA,NA,NA,NA,1,NA,NA,NA,NA,NA,NA,1,NA,NA,NA,NA,NA,2,2,8,9,8,6,7,7,6,8,7,7,7,8,6,7,8,6,8,8,7,7,6,8,8,6,5,6,9,7,8,7
117,1,21,1,1,1,1,NA,NA,NA,1,NA,NA,NA,NA,NA,NA,NA,NA,NA,NA,NA,NA,NA,1,NA,NA,NA,NA,NA,NA,NA,NA,1,NA,NA,NA,NA,NA,NA,1,NA,2,4,8,6,6,9,8,7,9,7,9,5,10,3,6,9,10,8,9,6,8,10,6,10,7,10,6,10,3,6,7,8
218,1,25,NA,NA,NA,NA,NA,1,1,NA,NA,NA,NA,NA,1,NA,NA,NA,NA,NA,NA,1,1,NA,NA,NA,NA,NA,NA,NA,NA,NA,1,NA,NA,NA,NA,NA,NA,1,NA,7,3,7,6,7,3,7,5,6,5,5,6,6,4,5,7,6,5,5,7,4,5,3,5,3,5,4,4,1,3,7,4
237,1,26,NA,NA,1,NA,NA,NA,NA,NA,NA,NA,NA,NA,NA,NA,1,NA,NA,NA,NA,NA,NA,1,NA,NA,NA,1,NA,NA,NA,NA,NA,NA,1,NA,NA,NA,NA,NA,NA,9,4,9,10,7,10,7,7,10,10,9,7,10,3,10,10,8,7,9,5,8,8,6,8,7,4,4,7,5,6,10,7
69,1,19,1,NA,NA,NA,NA,NA,NA,NA,NA,NA,NA,NA,1,1,NA,NA,NA,NA,NA,NA,NA,NA,NA,NA,1,NA,NA,NA,NA,NA,1,NA,NA,NA,NA,NA,NA,1,NA,1,4,6,7,5,5,9,5,6,8,7,6,7,1,6,6,6,5,7,5,5,9,7,6,5,7,6,6,5,6,5,6
86,1,18,NA,NA,1,NA,NA,NA,NA,NA,NA,NA,NA,NA,NA,NA,NA,1,NA,NA,NA,NA,1,NA,NA,NA,NA,NA,NA,NA,NA,NA,1,NA,NA,NA,NA,NA,NA,1,NA,13,4,9,8,6,9,9,10,7,8,9,9,9,7,8,10,9,9,10,7,8,8,10,8,9,9,9,10,6,7,10,8
183,1,26,NA,NA,NA,1,1,NA,NA,NA,NA,NA,NA,NA,NA,NA,NA,NA,NA,NA,1,1,1,1,NA,NA,NA,NA,NA,NA,NA,NA,1,NA,NA,NA,NA,NA,NA,1,NA,2,7,6,7,5,7,7,7,8,8,6,9,7,9,6,5,7,8,4,8,8,5,8,8,6,8,8,8,9,8,6,8
87,1,21,NA,1,NA,NA,NA,1,NA,1,NA,NA,NA,NA,NA,NA,NA,NA,NA,NA,NA,NA,NA,1,NA,NA,NA,NA,NA,NA,NA,NA,1,NA,NA,NA,NA,NA,NA,1,NA,1,4,5,8,6,3,7,4,5,7,4,4,4,0,7,4,4,4,3,1,1,2,2,2,3,2,2,4,0,4,5,4
74,1,18,NA,1,NA,NA,NA,NA,NA,NA,NA,NA,NA,NA,NA,NA,NA,NA,NA,1,NA,NA,NA,NA,NA,NA,1,1,NA,NA,NA,NA,NA,NA,1,NA,NA,NA,NA,NA,NA,2,4,9,6,4,6,5,7,7,7,7,6,6,3,6,8,5,7,8,4,7,6,4,7,7,8,5,7,0,4,8,6
146,1,26,NA,NA,NA,NA,NA,1,NA,NA,NA,NA,NA,NA,NA,NA,NA,NA,1,NA,1,1,1,NA,1,1,1,NA,NA,NA,NA,NA,1,NA,NA,NA,NA,NA,NA,1,NA,1,4,6,5,5,6,1,4,1,7,3,5,2,4,5,3,5,6,8,5,5,3,7,4,6,5,6,4,6,8,4,6
154,1,25,NA,NA,NA,NA,NA,NA,NA,NA,NA,NA,NA,NA,NA,NA,NA,NA,NA,NA,1,1,NA,NA,NA,NA,NA,NA,NA,1,NA,NA,NA,NA,NA,NA,1,NA,NA,NA,NA,12,6,3,5,8,6,3,5,2,5,5,3,5,4,6,5,8,4,7,6,5,0,4,5,6,4,7,6,5,6,7,7
65,1,24,NA,NA,NA,NA,NA,1,NA,NA,NA,NA,NA,NA,1,NA,NA,NA,NA,NA,NA,NA,NA,1,1,1,NA,NA,NA,NA,NA,NA,1,NA,NA,NA,NA,NA,NA,1,NA,13,6,6,8,8,7,4,7,8,7,8,7,8,7,8,8,7,5,7,8,6,7,7,7,6,7,6,8,5,6,7,7
188,1,18,NA,NA,NA,NA,NA,NA,NA,NA,NA,NA,NA,NA,NA,NA,NA,NA,NA,NA,NA,NA,NA,NA,NA,NA,NA,NA,NA,NA,NA,NA,1,NA,NA,NA,NA,NA,NA,1,NA,7,6,3,8,5,7,5,6,7,7,5,2,5,6,5,6,5,7,3,2,4,5,5,5,5,2,3,5,2,3,6,3
219,1,21,NA,NA,NA,NA,NA,NA,NA,NA,NA,NA,NA,NA,NA,NA,NA,NA,NA,NA,1,NA,NA,NA,NA,NA,1,NA,NA,NA,NA,NA,1,NA,NA,NA,NA,NA,NA,1,NA,12,4,9,9,6,8,9,7,7,9,9,10,8,4,8,6,7,10,10,7,10,10,7,8,10,10,9,7,5,7,10,7
165,1,22,NA,NA,NA,NA,NA,NA,NA,NA,NA,NA,NA,NA,NA,NA,NA,NA,NA,NA,1,1,NA,NA,NA,NA,NA,NA,NA,1,NA,NA,NA,NA,NA,NA,1,NA,NA,NA,NA,12,6,9,5,4,5,7,8,8,7,7,6,7,4,4,8,3,6,5,4,4,6,5,7,8,3,5,7,5,4,8,6
232,1,21,NA,1,NA,NA,NA,NA,1,NA,NA,NA,NA,NA,NA,NA,NA,NA,NA,NA,NA,NA,NA,NA,NA,1,NA,NA,1,NA,NA,NA,NA,NA,NA,1,NA,NA,NA,NA,NA,1,6,5,4,4,5,2,4,4,4,5,5,6,5,4,6,5,6,7,4,6,7,5,6,5,7,6,6,6,5,7,8
170,1,19,NA,NA,NA,NA,NA,1,NA,1,NA,NA,NA,NA,NA,NA,NA,NA,NA,NA,NA,NA,NA,NA,1,NA,NA,NA,NA,NA,NA,NA,1,NA,NA,NA,NA,NA,NA,1,NA,2,5,8,8,6,8,6,6,4,9,7,9,9,6,7,4,6,9,7,5,8,7,8,7,8,8,10,8,7,8,7,7
125,1,25,NA,NA,NA,NA,NA,NA,NA,NA,NA,NA,NA,NA,NA,NA,NA,NA,NA,NA,1,1,NA,NA,NA,NA,NA,NA,NA,NA,NA,NA,1,NA,NA,NA,NA,NA,NA,1,NA,2,6,10,7,4,9,7,6,8,8,6,6,8,8,6,5,5,8,5,6,8,6,7,9,9,7,7,6,6,5,6,7
29,1,24,1,NA,NA,NA,NA,NA,NA,NA,NA,NA,NA,NA,NA,NA,NA,NA,NA,1,NA,NA,NA,NA,1,NA,NA,1,NA,NA,NA,NA,NA,NA,1,NA,NA,NA,NA,NA,NA,9,6,8,9,3,8,8,10,8,8,9,8,8,6,6,7,8,8,8,4,6,5,7,7,8,7,7,10,5,5,8,9
51,1,19,NA,1,NA,NA,NA,NA,NA,NA,NA,NA,NA,NA,1,NA,NA,NA,NA,NA,NA,1,NA,NA,NA,NA,NA,NA,NA,1,NA,NA,NA,NA,NA,NA,1,NA,NA,NA,NA,2,7,8,7,9,5,7,5,7,7,7,6,6,6,6,6,6,7,7,6,6,8,5,8,6,8,6,4,5,8,7,7
216,1,22,1,NA,NA,1,1,1,1,NA,1,1,1,1,1,1,1,NA,1,NA,NA,NA,NA,NA,1,1,1,NA,NA,NA,NA,NA,NA,1,NA,NA,NA,NA,NA,NA,1,13,1,7,6,7,8,6,6,6,7,9,7,7,4,7,6,6,6,7,6,5,6,8,7,8,8,6,9,2,9,7,7
174,1,26,NA,1,NA,NA,NA,NA,1,NA,NA,NA,NA,NA,NA,NA,NA,NA,NA,NA,1,NA,NA,NA,NA,NA,NA,NA,1,NA,NA,NA,NA,NA,NA,1,NA,NA,NA,NA,NA,1,3,10,8,7,8,8,8,7,6,7,8,9,9,9,9,9,10,7,7,9,10,9,7,5,8,8,8,10,6,9,6
212,1,18,NA,NA,NA,1,1,1,NA,NA,1,NA,1,NA,NA,NA,NA,NA,NA,NA,1,1,NA,NA,NA,NA,1,NA,1,NA,NA,NA,NA,NA,NA,1,NA,NA,NA,NA,NA,1,4,3,5,2,5,5,3,3,6,4,5,4,2,4,5,4,5,5,6,5,5,4,5,6,5,7,7,1,6,6,3
79,1,20,NA,NA,NA,NA,NA,NA,NA,NA,1,1,1,1,NA,NA,NA,NA,NA,NA,1,1,1,NA,NA,NA,NA,NA,NA,NA,NA,NA,1,NA,NA,NA,NA,NA,NA,1,NA,11,6,10,7,8,4,6,6,8,7,7,8,6,6,8,9,6,7,9,8,6,5,5,8,8,8,8,7,4,7,8,6
57,1,24,NA,NA,NA,NA,NA,NA,NA,NA,NA,NA,NA,NA,NA,NA,NA,NA,NA,NA,1,1,NA,NA,NA,NA,NA,NA,NA,NA,NA,NA,1,NA,NA,NA,NA,NA,NA,1,NA,10,7,8,6,6,7,7,5,8,8,9,7,6,8,6,6,7,8,6,8,6,4,6,6,7,8,9,5,9,6,5,7
203,1,24,NA,NA,NA,NA,NA,1,NA,NA,NA,NA,NA,NA,NA,NA,NA,1,NA,NA,NA,NA,1,NA,NA,NA,NA,NA,NA,NA,NA,NA,1,NA,NA,NA,NA,NA,NA,1,NA,13,3,3,3,3,3,6,5,4,2,3,2,5,3,4,4,5,5,5,3,6,8,5,5,6,5,6,8,3,5,7,6
131,1,18,NA,NA,NA,NA,NA,NA,NA,NA,NA,NA,NA,NA,NA,NA,NA,NA,NA,NA,1,1,1,1,NA,NA,NA,NA,NA,1,NA,NA,NA,NA,NA,NA,1,NA,NA,NA,NA,11,7,9,8,6,9,8,8,10,9,9,7,8,1,8,8,9,8,8,5,8,8,9,10,9,8,7,10,4,10,10,7
76,1,18,NA,NA,NA,NA,NA,NA,NA,NA,NA,NA,NA,NA,NA,NA,NA,NA,NA,NA,NA,NA,NA,NA,NA,NA,NA,NA,1,NA,NA,NA,NA,NA,NA,1,NA,NA,NA,NA,NA,12,3,2,3,3,3,4,2,3,4,4,4,5,0,2,1,3,4,6,5,4,4,3,5,5,5,5,5,1,5,5,4
134,1,19,NA,NA,NA,NA,NA,NA,NA,NA,NA,NA,NA,NA,NA,NA,NA,1,1,NA,NA,NA,NA,NA,1,NA,NA,NA,NA,NA,NA,NA,1,NA,NA,NA,NA,NA,NA,1,NA,12,2,6,7,4,7,7,5,6,6,7,8,8,1,8,7,8,5,6,2,5,5,5,5,5,4,5,3,0,5,5,5
39,1,21,NA,NA,NA,NA,1,NA,NA,NA,NA,NA,NA,NA,NA,NA,NA,1,NA,NA,1,NA,NA,NA,NA,NA,NA,NA,NA,NA,NA,NA,1,NA,NA,NA,NA,NA,NA,1,NA,1,3,7,7,7,7,6,8,7,6,8,6,10,5,9,9,9,6,7,6,7,7,7,7,7,9,9,8,2,8,8,8
101,1,25,NA,NA,NA,NA,1,1,1,NA,NA,NA,NA,NA,NA,NA,NA,NA,NA,NA,NA,NA,NA,1,NA,NA,NA,NA,NA,NA,NA,NA,1,NA,NA,NA,NA,NA,NA,1,NA,1,4,10,8,6,9,7,10,10,8,10,7,10,8,7,8,9,9,7,6,7,9,8,10,7,10,7,8,9,6,9,7
6,1,19,NA,NA,NA,NA,NA,NA,NA,NA,NA,NA,NA,NA,NA,NA,NA,NA,NA,NA,NA,NA,NA,NA,NA,NA,NA,1,NA,NA,NA,NA,NA,NA,1,NA,NA,NA,NA,NA,NA,10,6,7,6,5,8,7,6,7,7,8,8,8,5,8,8,6,9,7,6,8,8,8,8,8,8,8,9,7,7,9,7
179,1,20,NA,NA,NA,NA,NA,1,NA,1,NA,NA,NA,NA,NA,NA,NA,NA,NA,NA,NA,1,NA,NA,NA,NA,NA,NA,NA,NA,NA,NA,1,NA,NA,NA,NA,NA,NA,1,NA,2,4,8,6,6,6,6,5,3,7,8,10,6,5,7,8,5,5,6,4,3,4,2,6,3,3,4,2,1,4,5,4
238,1,23,NA,NA,NA,NA,NA,1,NA,NA,NA,NA,NA,NA,NA,NA,NA,NA,NA,NA,NA,NA,NA,NA,NA,NA,NA,NA,1,NA,NA,NA,NA,NA,NA,1,NA,NA,NA,NA,NA,12,4,6,4,6,6,5,4,5,6,7,5,6,3,7,8,5,5,7,8,6,9,6,7,7,7,8,7,4,7,7,8
85,1,24,NA,NA,NA,NA,NA,NA,NA,NA,1,1,1,1,1,1,1,NA,NA,NA,1,NA,NA,NA,NA,NA,1,NA,NA,NA,NA,NA,1,NA,NA,NA,NA,NA,NA,1,NA,12,4,6,8,8,8,6,3,5,7,7,9,5,6,7,9,8,8,6,7,9,8,7,7,6,7,10,6,8,5,8,7
54,1,21,NA,NA,NA,NA,NA,NA,NA,NA,NA,NA,NA,NA,NA,NA,NA,NA,NA,NA,NA,NA,NA,NA,NA,NA,NA,NA,1,1,NA,NA,NA,NA,NA,1,1,NA,NA,NA,NA,12,2,7,8,8,9,9,9,10,7,10,5,10,9,7,10,9,6,6,5,7,5,6,7,9,6,5,7,7,6,7,9
106,1,21,NA,NA,NA,NA,NA,NA,NA,NA,NA,NA,NA,NA,NA,NA,NA,NA,NA,NA,1,1,NA,NA,NA,NA,NA,NA,NA,NA,NA,NA,1,NA,NA,NA,NA,NA,NA,1,NA,2,6,6,7,6,8,2,7,7,7,5,3,8,0,5,5,8,6,7,3,5,3,5,7,6,5,5,8,0,4,8,6
34,1,26,NA,NA,1,NA,NA,NA,1,NA,NA,NA,NA,NA,NA,NA,NA,NA,NA,NA,1,1,1,NA,NA,NA,NA,NA,NA,1,NA,NA,NA,NA,NA,NA,1,NA,NA,NA,NA,2,6,8,5,5,5,5,6,6,5,7,7,6,4,6,6,7,9,6,7,7,6,6,6,5,8,7,7,2,5,5,5
166,1,23,NA,NA,NA,NA,NA,NA,NA,NA,NA,1,NA,NA,NA,NA,NA,NA,NA,NA,NA,NA,NA,NA,1,NA,NA,NA,NA,NA,NA,NA,1,NA,NA,NA,NA,NA,NA,1,NA,12,5,6,9,4,6,8,7,8,9,8,9,10,4,7,7,6,9,8,5,10,9,7,10,7,7,6,6,5,8,8,6
22,1,18,NA,NA,NA,NA,NA,NA,NA,NA,NA,NA,NA,NA,NA,NA,NA,NA,NA,NA,NA,NA,NA,NA,NA,NA,NA,NA,NA,NA,NA,NA,1,NA,NA,NA,NA,NA,NA,1,NA,11,7,8,7,5,7,9,7,9,7,8,4,8,4,6,7,6,8,8,8,5,7,6,8,6,6,5,8,4,7,7,8
52,1,22,NA,NA,NA,1,NA,NA,NA,NA,NA,NA,NA,NA,NA,1,1,1,1,NA,1,NA,NA,NA,NA,NA,NA,NA,1,NA,NA,NA,NA,NA,NA,1,NA,NA,NA,NA,NA,2,5,7,6,8,8,8,6,7,8,7,7,4,8,6,8,7,7,6,8,8,10,8,8,7,7,6,9,7,8,9,9
228,1,23,NA,1,NA,NA,NA,NA,NA,NA,NA,NA,NA,NA,NA,NA,NA,NA,NA,1,NA,NA,NA,1,NA,NA,NA,NA,1,NA,NA,NA,NA,NA,NA,1,NA,NA,NA,NA,NA,12,4,10,10,7,9,10,8,10,9,10,10,9,5,4,10,9,10,8,7,9,8,8,10,8,10,10,8,5,8,9,8
133,1,26,NA,NA,NA,NA,1,NA,NA,NA,NA,1,1,1,1,NA,1,NA,NA,NA,1,NA,NA,NA,NA,NA,1,1,NA,NA,NA,NA,NA,NA,1,NA,NA,NA,NA,NA,NA,13,4,10,10,7,9,7,6,8,8,8,6,6,5,8,10,7,8,8,9,7,9,7,9,8,8,4,9,2,9,10,7
209,1,24,NA,NA,NA,NA,NA,1,1,1,1,1,1,1,1,NA,NA,NA,NA,1,1,1,1,NA,1,1,1,NA,NA,NA,NA,NA,1,NA,NA,NA,NA,NA,NA,1,NA,13,4,6,8,6,6,7,3,8,7,4,9,4,9,6,7,7,8,7,6,9,7,7,6,6,8,10,8,10,6,8,5
1,1,22,NA,NA,NA,NA,NA,NA,NA,NA,NA,NA,NA,NA,NA,NA,NA,NA,NA,NA,NA,NA,NA,NA,NA,NA,NA,NA,NA,NA,NA,NA,1,NA,NA,NA,NA,NA,NA,1,NA,1,3,6,6,7,7,9,7,9,6,7,7,8,10,7,8,8,9,6,7,7,8,5,9,8,8,8,8,10,9,8,7
17,1,23,NA,NA,1,NA,NA,NA,1,NA,NA,NA,NA,NA,NA,NA,NA,NA,NA,NA,NA,1,NA,NA,NA,NA,NA,NA,NA,1,NA,NA,NA,NA,NA,NA,1,NA,NA,NA,NA,1,3,10,7,5,7,7,6,8,7,9,10,9,7,8,8,8,10,8,7,7,6,7,5,7,8,7,10,6,7,10,7
99,1,26,NA,NA,NA,NA,NA,NA,NA,NA,NA,NA,NA,NA,NA,NA,NA,NA,NA,NA,1,1,NA,NA,NA,NA,NA,NA,NA,1,NA,NA,NA,NA,NA,NA,1,NA,NA,NA,NA,12,6,6,3,7,7,7,5,7,5,6,8,5,8,3,5,2,7,3,6,5,7,5,6,7,5,6,6,3,5,4,5
202,1,19,NA,NA,NA,NA,NA,NA,1,NA,1,NA,NA,NA,1,1,1,1,1,NA,NA,NA,NA,NA,NA,NA,NA,NA,NA,1,NA,NA,NA,NA,NA,NA,1,NA,NA,NA,NA,2,4,8,6,4,6,7,5,7,7,8,9,6,5,6,5,5,7,6,5,8,8,7,9,6,9,8,8,6,6,7,6
250,1,18,NA,1,NA,NA,NA,NA,NA,NA,NA,NA,NA,1,NA,NA,NA,NA,NA,NA,1,1,NA,NA,NA,NA,NA,1,NA,NA,NA,NA,NA,NA,1,NA,NA,NA,NA,NA,NA,12,6,10,5,5,6,8,5,6,5,5,7,7,7,6,8,6,8,7,7,6,6,5,7,7,7,5,5,3,5,8,8
32,1,22,NA,NA,NA,NA,NA,1,NA,NA,NA,NA,NA,NA,NA,NA,NA,NA,NA,1,NA,1,NA,NA,NA,NA,NA,NA,NA,NA,NA,NA,1,NA,NA,NA,NA,NA,NA,1,NA,12,4,5,5,6,7,6,9,6,5,5,6,7,5,7,6,9,4,6,5,6,3,4,5,7,6,7,6,4,8,6,6
123,1,26,NA,NA,NA,NA,1,NA,NA,NA,NA,NA,NA,NA,1,NA,NA,NA,NA,NA,NA,NA,NA,1,NA,NA,NA,1,NA,NA,NA,NA,NA,NA,1,NA,NA,NA,NA,NA,NA,12,4,4,6,6,7,4,7,7,7,4,4,6,6,6,7,4,4,6,3,4,5,7,5,6,6,5,5,5,8,3,7
164,1,20,NA,1,NA,NA,NA,NA,NA,NA,NA,1,1,1,1,NA,NA,1,1,NA,1,NA,NA,NA,NA,NA,NA,NA,NA,NA,NA,NA,1,NA,NA,NA,NA,NA,NA,1,NA,2,5,7,10,7,7,7,6,7,9,8,10,7,6,10,8,8,6,7,5,6,4,7,7,5,6,9,6,6,9,6,6
25,1,26,NA,NA,NA,NA,NA,1,NA,NA,NA,NA,NA,NA,NA,NA,NA,NA,NA,1,NA,1,NA,NA,NA,NA,NA,NA,NA,NA,NA,NA,1,NA,NA,NA,NA,NA,NA,1,NA,12,3,6,9,5,7,8,9,8,8,10,5,10,1,9,9,10,6,6,4,6,5,8,8,7,8,5,9,1,7,9,7
143,1,24,NA,NA,NA,1,NA,NA,NA,NA,NA,NA,NA,NA,NA,NA,NA,1,NA,NA,1,NA,NA,NA,NA,NA,NA,NA,NA,NA,NA,NA,1,NA,NA,NA,NA,NA,NA,1,NA,2,5,7,6,5,4,4,4,3,7,5,6,5,1,6,6,5,7,6,3,6,7,7,6,4,6,5,6,1,4,7,5
215,1,21,NA,1,NA,NA,NA,NA,NA,NA,NA,NA,NA,NA,1,NA,NA,NA,NA,NA,NA,NA,NA,1,1,1,1,NA,NA,NA,NA,NA,1,NA,NA,NA,NA,NA,NA,1,NA,2,1,1,5,7,4,1,3,4,4,1,3,6,5,3,5,4,1,3,5,2,0,4,2,4,3,1,3,2,3,3,3
137,1,25,NA,NA,NA,NA,NA,1,NA,NA,NA,NA,NA,NA,NA,NA,NA,NA,NA,1,NA,1,NA,NA,NA,NA,NA,NA,NA,NA,NA,NA,1,NA,NA,NA,NA,NA,NA,1,NA,12,2,5,5,2,6,5,3,6,6,6,7,5,6,6,6,5,6,6,3,5,8,5,6,7,7,7,7,4,6,7,8
38,1,25,NA,NA,NA,NA,NA,1,1,NA,NA,NA,NA,NA,1,NA,NA,NA,NA,NA,NA,1,1,NA,NA,NA,NA,NA,NA,NA,NA,NA,1,NA,NA,NA,NA,NA,NA,1,NA,7,3,10,7,9,8,9,8,8,9,9,10,9,10,9,7,8,8,9,8,9,7,8,8,8,7,8,8,8,8,9,8
70,1,25,NA,NA,NA,NA,NA,1,1,1,1,1,1,1,1,NA,NA,NA,NA,1,1,1,1,NA,1,1,1,NA,NA,NA,NA,NA,1,NA,NA,NA,NA,NA,NA,1,NA,13,4,4,5,3,1,3,5,3,4,5,4,4,4,4,6,3,4,5,4,5,2,6,5,7,6,5,6,2,6,6,3
205,1,24,NA,1,NA,NA,NA,NA,NA,NA,NA,NA,NA,NA,1,1,1,1,NA,NA,1,1,NA,NA,NA,NA,NA,NA,NA,1,NA,NA,NA,NA,NA,NA,1,NA,NA,NA,NA,2,7,7,7,7,7,8,4,6,7,7,7,5,3,7,9,7,6,6,8,7,7,7,8,8,8,5,6,2,7,9,7
181,1,19,NA,1,NA,NA,1,NA,NA,1,1,1,NA,NA,1,NA,1,1,NA,NA,NA,NA,NA,NA,NA,NA,NA,NA,NA,NA,NA,NA,1,NA,NA,NA,NA,NA,NA,1,NA,1,4,9,7,10,8,10,10,9,10,9,9,10,8,10,9,7,6,8,6,6,7,7,7,5,7,5,6,7,7,5,6
248,1,25,NA,NA,NA,NA,1,NA,1,1,1,NA,NA,NA,NA,NA,NA,NA,NA,NA,1,NA,NA,NA,NA,NA,1,1,NA,NA,NA,NA,NA,NA,1,NA,NA,NA,NA,NA,NA,11,3,8,8,10,8,7,4,6,6,7,7,8,9,7,8,8,5,9,9,6,9,4,6,8,7,7,8,10,7,7,8
208,1,20,NA,1,NA,NA,NA,NA,NA,1,NA,NA,NA,NA,NA,NA,NA,NA,NA,NA,NA,1,NA,NA,NA,NA,NA,NA,1,NA,NA,NA,NA,NA,NA,1,NA,NA,NA,NA,NA,1,2,9,8,6,6,5,6,9,8,7,6,6,5,5,7,6,7,7,7,9,8,7,9,7,8,9,6,8,7,6,7
15,1,26,NA,NA,NA,NA,NA,1,NA,NA,NA,NA,NA,NA,NA,NA,NA,NA,NA,1,NA,NA,NA,1,NA,NA,NA,NA,NA,NA,NA,NA,1,NA,NA,NA,NA,NA,NA,1,NA,12,4,10,7,6,9,7,6,7,7,7,6,8,6,8,8,7,8,9,5,8,9,7,9,9,8,7,8,6,7,8,8
186,1,18,NA,NA,NA,NA,NA,NA,1,1,1,1,1,1,NA,1,1,NA,1,NA,1,1,NA,NA,NA,NA,NA,1,NA,NA,NA,NA,NA,NA,1,NA,NA,NA,NA,NA,NA,7,4,7,9,6,9,6,10,9,10,9,9,10,1,6,6,9,5,7,5,6,8,7,8,8,8,7,6,3,7,6,8
7,1,25,NA,NA,NA,NA,1,NA,1,1,1,NA,NA,NA,NA,NA,NA,NA,NA,NA,1,NA,NA,NA,NA,NA,1,1,NA,NA,NA,NA,NA,NA,1,NA,NA,NA,NA,NA,NA,11,3,8,7,6,6,6,7,7,8,7,9,9,8,7,8,7,6,6,6,7,8,7,7,8,8,7,8,4,9,7,7
33,1,18,NA,1,NA,NA,NA,1,NA,1,NA,NA,NA,NA,NA,NA,NA,NA,NA,NA,NA,NA,NA,1,NA,NA,NA,NA,NA,NA,NA,NA,1,NA,NA,NA,NA,NA,NA,1,NA,2,4,7,7,4,4,4,2,5,5,4,8,7,9,2,4,4,5,4,3,5,4,3,5,6,6,5,4,6,5,5,3
230,1,25,NA,1,NA,NA,NA,NA,1,NA,NA,NA,NA,NA,NA,NA,NA,NA,NA,NA,NA,NA,NA,1,NA,NA,NA,NA,1,NA,NA,NA,NA,NA,NA,1,NA,NA,NA,NA,NA,1,4,8,8,8,4,8,8,6,7,9,6,9,2,8,5,7,8,8,8,7,9,8,8,9,8,4,9,3,6,9,6
247,1,26,NA,NA,NA,NA,NA,1,NA,NA,NA,NA,NA,NA,1,NA,NA,NA,NA,NA,NA,NA,NA,NA,NA,NA,1,NA,NA,NA,NA,NA,1,NA,NA,NA,NA,NA,NA,1,NA,7,2,7,8,5,8,8,8,9,7,8,6,10,2,6,8,7,6,6,3,4,7,6,7,9,6,3,9,4,5,6,6
31,1,26,1,1,NA,NA,NA,NA,NA,NA,NA,NA,NA,NA,NA,NA,NA,1,NA,NA,NA,NA,NA,NA,1,1,1,NA,NA,NA,NA,NA,1,NA,NA,NA,NA,NA,NA,1,NA,1,1,6,6,4,6,2,4,4,7,5,5,8,0,6,7,5,5,5,6,3,5,4,6,6,7,4,4,1,4,5,7
206,1,18,NA,1,NA,NA,1,NA,NA,NA,1,NA,NA,1,1,1,NA,NA,NA,NA,1,1,1,NA,NA,NA,NA,NA,NA,NA,NA,NA,1,NA,NA,NA,NA,NA,NA,1,NA,10,7,10,8,8,10,10,8,9,9,10,10,7,4,7,10,7,8,9,8,9,7,9,8,9,7,8,9,5,9,10,8
82,1,23,NA,NA,NA,NA,NA,NA,NA,NA,NA,1,1,1,1,1,1,NA,NA,NA,NA,NA,NA,NA,NA,NA,NA,NA,NA,NA,NA,NA,1,NA,NA,NA,NA,NA,NA,1,NA,1,4,5,7,5,6,8,6,7,7,7,8,8,3,7,8,5,4,5,4,6,6,7,5,5,5,4,7,3,8,7,6
42,1,19,NA,NA,NA,NA,NA,NA,NA,NA,NA,NA,NA,NA,NA,NA,NA,NA,NA,NA,NA,NA,NA,NA,NA,NA,NA,NA,NA,NA,NA,NA,1,NA,NA,NA,NA,NA,NA,1,NA,7,3,3,3,2,4,4,3,4,2,1,6,5,5,5,4,5,3,4,3,5,6,6,4,5,5,4,4,4,5,5,5
173,1,22,1,NA,NA,NA,NA,NA,NA,NA,NA,NA,NA,NA,NA,1,NA,NA,NA,NA,NA,NA,NA,1,NA,NA,NA,NA,NA,NA,NA,NA,1,NA,NA,NA,NA,NA,NA,1,NA,13,4,8,7,8,7,6,8,7,7,8,6,7,1,7,8,9,6,6,5,4,5,4,5,8,7,5,6,1,3,9,4
155,1,22,NA,NA,NA,NA,NA,NA,NA,NA,NA,NA,NA,NA,NA,NA,NA,NA,NA,NA,NA,NA,NA,NA,NA,NA,NA,NA,1,NA,NA,NA,NA,NA,NA,1,NA,NA,NA,NA,NA,12,3,7,6,8,8,6,6,6,7,3,5,7,5,7,7,7,6,6,5,7,5,8,5,5,6,6,6,5,4,8,6
201,1,23,NA,NA,NA,1,NA,NA,1,1,1,1,1,1,NA,1,1,1,1,1,1,NA,NA,NA,NA,NA,NA,1,NA,NA,NA,NA,NA,NA,1,NA,NA,NA,NA,NA,NA,7,6,7,5,5,4,6,5,8,8,7,5,7,6,5,3,7,6,5,4,6,4,5,9,6,7,7,7,8,8,6,6
8,1,21,NA,NA,NA,NA,NA,1,NA,NA,NA,NA,NA,NA,NA,NA,NA,NA,NA,NA,1,NA,NA,NA,NA,NA,1,NA,NA,NA,NA,NA,1,NA,NA,NA,NA,NA,NA,1,NA,2,4,8,7,6,8,6,6,7,7,5,7,8,9,8,4,6,9,6,4,7,7,8,7,3,6,7,4,10,4,6,7
249,1,26,NA,NA,NA,NA,NA,NA,NA,NA,1,1,1,1,NA,NA,NA,NA,NA,NA,1,1,1,NA,NA,NA,NA,NA,NA,NA,NA,NA,1,NA,NA,NA,NA,NA,NA,1,NA,11,6,7,5,4,6,3,4,7,7,5,6,4,7,7,7,4,9,5,5,6,4,6,6,6,7,7,4,8,6,8,5
128,1,23,NA,NA,NA,NA,1,NA,NA,NA,NA,NA,NA,NA,NA,NA,NA,1,NA,NA,1,1,NA,NA,NA,NA,NA,NA,NA,NA,NA,NA,1,NA,NA,NA,NA,NA,NA,1,NA,2,3,8,7,8,8,6,4,5,7,7,6,8,5,7,9,6,9,10,9,8,8,6,6,8,9,8,7,5,8,10,7
172,1,21,1,NA,NA,NA,NA,NA,NA,NA,NA,NA,NA,NA,NA,NA,NA,NA,NA,1,NA,NA,NA,NA,NA,NA,1,NA,NA,NA,NA,NA,1,NA,NA,NA,NA,NA,NA,1,NA,1,3,6,9,7,9,9,8,10,8,10,6,8,6,6,8,8,7,9,9,8,6,7,8,9,9,10,8,7,8,7,10
159,1,26,1,NA,NA,NA,NA,NA,NA,NA,NA,1,NA,NA,NA,NA,NA,1,NA,NA,1,NA,NA,NA,NA,NA,1,NA,1,NA,NA,NA,NA,NA,NA,1,NA,NA,NA,NA,NA,1,4,8,6,6,6,9,7,8,8,8,6,8,6,8,6,8,7,6,5,6,5,6,7,7,6,5,7,6,3,7,5
176,1,19,NA,NA,NA,NA,NA,1,NA,NA,NA,NA,NA,NA,NA,NA,NA,NA,NA,1,1,1,1,NA,NA,NA,NA,1,NA,NA,NA,NA,NA,NA,1,NA,NA,NA,NA,NA,NA,9,6,3,3,2,1,4,3,4,5,0,1,1,6,2,1,3,4,2,1,3,2,6,4,4,1,3,5,5,3,2,6
213,1,23,1,1,1,1,1,1,1,1,1,1,1,1,NA,NA,NA,NA,NA,NA,1,1,1,1,1,NA,NA,NA,NA,1,NA,NA,NA,NA,NA,NA,1,NA,NA,NA,NA,1,2,6,6,8,7,9,6,7,8,6,6,6,7,5,7,6,9,9,8,10,10,9,10,8,9,7,8,7,6,10,9
231,1,18,1,1,1,1,1,1,1,1,1,1,1,NA,NA,NA,NA,NA,NA,NA,NA,NA,NA,NA,1,1,1,NA,NA,NA,NA,NA,1,NA,NA,NA,NA,NA,NA,1,NA,2,6,3,4,7,5,6,6,4,5,5,5,5,7,6,6,7,7,4,7,5,8,6,4,6,7,4,6,8,6,5,5
50,1,25,NA,1,NA,NA,NA,NA,NA,NA,NA,NA,NA,NA,NA,NA,NA,NA,NA,1,NA,NA,NA,NA,NA,NA,1,1,NA,NA,NA,NA,NA,NA,1,NA,NA,NA,NA,NA,NA,2,4,9,8,5,8,10,8,6,8,9,9,7,2,7,10,7,6,9,8,7,8,9,7,10,8,8,8,1,9,8,8
30,1,20,NA,1,NA,NA,NA,NA,1,1,NA,NA,NA,NA,NA,NA,NA,NA,NA,NA,NA,NA,NA,NA,NA,1,NA,NA,1,NA,NA,NA,NA,NA,NA,1,NA,NA,NA,NA,NA,2,5,6,4,5,5,2,7,4,6,4,4,7,1,5,6,5,6,7,6,6,4,5,5,6,7,7,7,3,6,5,5
11,1,21,1,NA,NA,NA,NA,NA,NA,NA,NA,NA,NA,NA,NA,NA,NA,NA,NA,1,NA,NA,NA,NA,1,NA,NA,1,NA,NA,NA,NA,NA,NA,1,NA,NA,NA,NA,NA,NA,9,6,6,9,7,7,6,6,4,7,6,6,6,1,6,6,4,6,8,4,7,8,5,6,8,6,8,4,0,7,7,6
92,1,23,NA,NA,NA,NA,NA,1,1,1,1,1,1,1,1,NA,NA,NA,NA,1,1,1,1,NA,1,1,1,NA,NA,NA,NA,NA,1,NA,NA,NA,NA,NA,NA,1,NA,13,4,6,8,6,8,6,7,9,6,8,7,6,6,8,10,7,4,8,5,5,5,6,5,7,7,5,6,6,6,7,6
9,1,26,NA,NA,1,NA,NA,NA,NA,NA,1,NA,NA,NA,1,NA,NA,1,NA,NA,NA,NA,NA,NA,1,1,1,NA,1,1,NA,NA,NA,NA,NA,1,1,NA,NA,NA,NA,12,2,7,6,7,8,10,8,9,6,5,8,6,10,7,9,9,7,8,9,8,10,8,8,6,7,9,8,10,7,10,7
135,1,22,NA,NA,NA,NA,NA,NA,NA,NA,NA,NA,NA,NA,NA,NA,NA,NA,NA,NA,NA,NA,1,NA,NA,NA,NA,NA,NA,NA,NA,NA,1,NA,NA,NA,NA,NA,NA,1,NA,10,3,8,5,4,5,6,4,2,5,5,4,7,4,5,4,5,7,7,4,5,7,4,7,6,7,6,6,5,5,8,7
37,1,20,NA,NA,NA,NA,NA,NA,NA,NA,NA,NA,NA,NA,NA,NA,NA,NA,NA,NA,NA,NA,NA,NA,NA,NA,NA,NA,1,NA,NA,NA,NA,NA,NA,1,NA,NA,NA,NA,NA,12,3,9,6,5,9,9,6,9,9,6,8,6,6,6,9,8,10,8,5,8,6,6,7,6,8,7,6,8,5,6,5
189,1,18,NA,NA,NA,NA,NA,1,NA,1,NA,NA,NA,NA,NA,NA,NA,NA,NA,NA,NA,NA,NA,NA,NA,NA,1,NA,NA,NA,NA,NA,1,NA,NA,NA,NA,NA,NA,1,NA,2,5,7,5,4,5,7,6,6,4,7,6,5,9,6,7,6,6,6,6,7,7,5,7,6,7,6,7,7,6,8,6
246,1,23,1,NA,1,1,1,NA,NA,NA,NA,NA,NA,NA,1,1,1,1,1,NA,1,NA,NA,NA,NA,NA,1,NA,NA,NA,NA,NA,1,NA,NA,NA,NA,NA,NA,1,NA,1,3,6,8,5,6,7,9,7,7,9,7,10,5,7,9,8,5,8,6,5,4,7,8,8,7,4,6,7,7,7,7
153,1,24,NA,NA,1,NA,1,NA,NA,NA,NA,NA,NA,NA,NA,1,1,1,1,NA,1,NA,NA,NA,NA,NA,1,1,NA,NA,NA,NA,NA,NA,1,NA,NA,NA,NA,NA,NA,2,4,4,4,3,4,3,4,2,4,6,1,4,2,3,5,5,4,5,2,5,3,4,5,6,2,3,4,4,4,5,7
243,1,22,NA,NA,NA,NA,NA,NA,NA,NA,NA,NA,NA,NA,NA,NA,NA,NA,NA,NA,NA,NA,NA,NA,NA,NA,NA,NA,NA,NA,NA,NA,1,NA,NA,NA,NA,NA,NA,1,NA,8,5,8,7,7,7,7,6,4,7,9,6,8,7,8,6,7,6,6,5,8,7,6,8,6,6,6,6,7,5,8,6
49,1,18,NA,NA,NA,NA,NA,NA,NA,NA,NA,NA,NA,NA,NA,NA,NA,NA,NA,NA,NA,NA,NA,NA,NA,NA,NA,NA,1,NA,NA,NA,NA,NA,NA,1,NA,NA,NA,NA,NA,2,2,3,2,4,5,7,3,5,4,5,5,5,3,3,6,5,4,6,6,4,8,4,7,6,6,7,6,4,5,5,8
168,1,21,NA,NA,NA,NA,NA,1,NA,NA,NA,NA,NA,NA,1,NA,NA,NA,NA,NA,NA,NA,NA,NA,NA,NA,1,NA,NA,NA,NA,NA,1,NA,NA,NA,NA,NA,NA,1,NA,7,7,6,9,8,10,9,5,8,8,7,10,8,3,7,9,7,6,5,8,6,9,6,8,5,8,10,4,3,6,7,7
100,1,18,NA,1,NA,NA,NA,NA,NA,NA,NA,NA,NA,NA,NA,NA,NA,1,NA,NA,1,NA,NA,NA,NA,NA,1,NA,NA,1,NA,NA,NA,NA,NA,NA,1,NA,NA,NA,NA,2,4,7,9,9,9,5,7,10,8,9,5,8,4,9,6,8,5,4,6,2,0,5,4,9,5,5,4,2,5,7,7
18,1,19,NA,NA,NA,NA,NA,1,NA,NA,1,NA,NA,NA,NA,NA,NA,NA,NA,NA,1,NA,NA,NA,NA,NA,NA,NA,NA,NA,NA,NA,1,NA,NA,NA,NA,NA,NA,1,NA,5,4,6,6,8,6,5,7,5,8,5,5,8,4,8,7,6,6,6,5,7,4,7,5,5,6,7,7,4,8,4,7
233,1,19,1,1,1,1,1,NA,NA,NA,NA,NA,1,NA,1,NA,1,1,1,NA,1,1,1,NA,1,1,1,NA,NA,NA,NA,NA,1,NA,NA,NA,NA,NA,NA,1,NA,2,4,6,8,5,6,6,6,4,7,4,9,6,6,5,6,5,8,7,6,6,2,6,5,6,4,6,7,4,6,7,5
36,1,24,NA,1,1,NA,NA,NA,NA,NA,NA,1,NA,NA,1,1,1,NA,NA,NA,NA,NA,NA,NA,NA,NA,1,NA,NA,NA,NA,NA,1,NA,NA,NA,NA,NA,NA,1,NA,13,3,4,4,5,5,3,3,3,5,5,4,7,0,5,2,4,3,6,3,3,3,4,4,5,4,2,2,2,3,4,4
150,1,25,NA,NA,1,NA,1,NA,NA,NA,NA,NA,NA,NA,NA,NA,NA,NA,NA,NA,1,1,NA,NA,NA,NA,NA,NA,1,NA,NA,NA,NA,NA,NA,1,NA,NA,NA,NA,NA,4,6,9,9,10,10,10,10,10,8,10,10,10,9,10,10,8,9,7,7,10,9,10,10,9,10,10,9,8,9,9,7
148,1,18,NA,NA,NA,NA,NA,1,NA,NA,1,NA,NA,NA,NA,NA,NA,NA,NA,NA,NA,NA,1,NA,NA,NA,NA,NA,NA,NA,NA,NA,1,NA,NA,NA,NA,NA,NA,1,NA,1,3,5,7,8,8,7,9,4,7,7,8,9,3,6,9,7,8,7,6,5,6,7,6,6,8,7,8,3,7,9,6
78,1,25,1,1,NA,NA,NA,NA,NA,NA,NA,NA,NA,NA,NA,NA,NA,1,NA,NA,NA,NA,NA,NA,1,1,1,NA,NA,NA,NA,NA,1,NA,NA,NA,NA,NA,NA,1,NA,1,1,8,6,7,6,8,6,5,9,8,9,7,6,7,7,4,9,5,7,8,7,8,7,7,8,8,6,3,6,6,7
221,1,19,NA,NA,NA,NA,NA,NA,NA,NA,NA,NA,NA,NA,1,1,1,NA,NA,NA,1,1,NA,NA,NA,1,1,NA,NA,NA,NA,NA,1,NA,NA,NA,NA,NA,NA,1,NA,10,4,9,6,5,8,6,9,7,8,7,8,5,4,6,9,8,9,10,7,8,8,9,8,9,9,9,8,4,8,9,8
194,1,24,NA,NA,NA,NA,NA,NA,NA,NA,NA,NA,NA,NA,NA,NA,NA,NA,NA,NA,NA,NA,NA,NA,NA,NA,NA,NA,1,NA,NA,NA,NA,NA,NA,1,NA,NA,NA,NA,NA,12,3,6,6,6,8,9,8,7,8,7,8,7,7,7,8,8,7,9,6,8,9,6,7,8,5,6,7,6,5,10,8
13,1,21,NA,NA,NA,NA,NA,1,NA,NA,NA,NA,NA,NA,NA,1,NA,1,NA,NA,1,NA,NA,NA,NA,NA,NA,NA,NA,1,NA,NA,NA,NA,NA,NA,1,NA,NA,NA,NA,2,7,6,3,4,6,5,6,5,6,5,6,8,5,6,4,4,8,6,6,6,8,7,7,8,6,5,5,4,5,7,5
193,1,25,NA,NA,NA,NA,NA,1,NA,NA,NA,NA,NA,NA,NA,NA,NA,NA,NA,1,NA,NA,NA,1,NA,NA,NA,NA,NA,NA,NA,NA,1,NA,NA,NA,NA,NA,NA,1,NA,12,4,9,10,5,8,7,7,7,8,9,7,9,3,10,9,7,8,9,8,6,8,7,6,8,8,7,7,4,6,9,7
227,1,18,1,1,1,1,1,NA,1,NA,NA,NA,NA,NA,NA,NA,NA,1,1,1,1,NA,NA,NA,NA,NA,1,NA,NA,NA,NA,NA,1,NA,NA,NA,NA,NA,NA,1,NA,11,3,5,5,9,6,7,5,4,6,4,8,5,7,7,7,7,7,6,10,4,4,5,7,9,8,9,5,5,6,6,7
144,1,23,NA,NA,NA,NA,NA,NA,NA,NA,NA,NA,NA,NA,1,NA,NA,NA,NA,NA,1,NA,NA,NA,NA,NA,NA,1,NA,NA,NA,NA,NA,NA,1,NA,NA,NA,NA,NA,NA,9,6,6,7,5,6,5,8,9,7,8,7,7,4,8,9,7,5,5,3,8,6,6,6,7,7,8,7,2,6,8,5
27,1,24,NA,NA,NA,NA,NA,1,NA,1,NA,NA,NA,NA,NA,NA,NA,NA,NA,NA,NA,NA,NA,NA,1,NA,NA,NA,NA,NA,NA,NA,1,NA,NA,NA,NA,NA,NA,1,NA,2,5,7,6,9,9,9,8,9,6,9,7,8,9,7,9,7,7,8,8,8,8,7,6,5,8,7,8,6,7,9,8
56,1,18,1,1,NA,NA,NA,NA,1,NA,NA,NA,NA,NA,NA,NA,NA,NA,NA,NA,NA,NA,NA,NA,NA,1,NA,NA,NA,NA,NA,NA,1,NA,NA,NA,NA,NA,NA,1,NA,1,6,4,4,4,6,4,5,7,5,5,4,5,1,4,6,6,3,6,4,4,6,5,5,6,7,4,4,0,5,6,6
132,1,18,1,1,1,1,1,1,NA,NA,NA,NA,NA,NA,NA,NA,NA,NA,1,NA,NA,NA,NA,1,NA,NA,NA,1,NA,NA,NA,NA,NA,NA,1,NA,NA,NA,NA,NA,NA,11,5,8,7,9,10,7,9,10,8,7,6,10,5,7,8,10,8,7,9,9,10,9,8,9,7,8,10,7,8,9,8
145,1,20,NA,1,1,NA,NA,NA,NA,NA,NA,NA,NA,NA,NA,NA,NA,NA,NA,1,NA,NA,NA,NA,1,1,1,NA,1,1,NA,NA,NA,NA,NA,1,1,NA,NA,NA,NA,11,1,10,9,8,8,7,9,10,9,8,8,8,6,8,10,9,9,8,6,8,6,5,8,7,7,6,5,6,5,8,6
66,1,23,NA,NA,1,NA,NA,NA,NA,1,NA,NA,NA,NA,NA,NA,NA,NA,NA,NA,NA,NA,1,NA,NA,NA,NA,NA,1,1,NA,NA,NA,NA,NA,1,1,NA,NA,NA,NA,2,2,7,7,9,9,7,8,9,8,6,8,7,6,9,7,10,9,7,5,8,5,8,9,7,6,6,9,7,6,9,9
225,1,21,NA,NA,NA,NA,NA,NA,NA,NA,NA,NA,NA,NA,NA,NA,NA,NA,NA,NA,NA,NA,NA,NA,NA,NA,NA,NA,1,NA,NA,NA,NA,NA,NA,1,NA,NA,NA,NA,NA,1,5,9,9,5,7,7,6,3,8,8,10,5,10,7,9,6,8,8,7,7,6,7,6,7,8,8,6,8,8,8,8
35,1,26,NA,NA,NA,NA,NA,NA,NA,NA,NA,NA,NA,NA,NA,NA,NA,NA,NA,NA,NA,NA,1,NA,NA,NA,NA,NA,NA,NA,NA,NA,1,NA,NA,NA,NA,NA,NA,1,NA,10,3,8,7,2,7,6,6,5,6,7,8,7,4,7,9,4,7,6,4,7,7,6,7,8,7,6,6,2,5,7,5
103,1,26,NA,1,NA,NA,1,NA,NA,1,NA,NA,NA,NA,NA,NA,NA,NA,NA,NA,1,NA,NA,NA,NA,NA,1,NA,NA,NA,NA,NA,1,NA,NA,NA,NA,NA,NA,1,NA,1,6,8,9,4,6,6,7,5,9,7,9,4,3,8,9,3,9,8,8,7,8,6,7,5,8,8,7,0,7,9,5
64,1,20,NA,NA,NA,NA,NA,NA,NA,NA,NA,NA,NA,NA,NA,NA,NA,NA,NA,NA,NA,NA,NA,NA,NA,NA,NA,NA,NA,NA,NA,NA,1,NA,NA,NA,NA,NA,NA,1,NA,13,4,8,7,8,9,9,9,6,6,7,9,7,7,9,7,9,8,6,8,8,9,7,4,6,6,8,8,8,6,9,7
235,1,24,NA,NA,NA,NA,NA,NA,NA,NA,NA,NA,NA,NA,NA,NA,NA,NA,NA,NA,1,1,1,1,NA,NA,NA,NA,NA,1,NA,NA,NA,NA,NA,NA,1,NA,NA,NA,NA,11,7,3,7,4,5,4,6,6,5,6,5,5,6,3,4,6,5,6,5,5,7,5,8,6,5,5,6,7,5,5,5
138,1,22,1,1,1,1,1,NA,NA,NA,NA,NA,NA,NA,NA,NA,NA,NA,NA,NA,NA,NA,NA,NA,NA,1,1,NA,NA,NA,NA,NA,1,NA,NA,NA,NA,NA,NA,1,NA,2,2,4,5,6,4,6,5,4,7,6,3,6,1,6,3,6,5,8,4,6,5,4,7,5,5,4,6,0,6,7,7
67,1,23,1,1,NA,1,1,NA,NA,NA,NA,NA,NA,NA,NA,NA,NA,NA,NA,NA,NA,NA,NA,NA,NA,NA,1,NA,NA,NA,NA,NA,1,NA,NA,NA,NA,NA,NA,1,NA,10,4,5,5,6,5,4,4,5,7,4,3,4,1,4,3,6,6,7,6,8,4,6,6,6,6,5,7,3,7,4,7
178,1,26,NA,NA,NA,NA,NA,1,1,NA,NA,NA,NA,NA,NA,NA,NA,NA,NA,NA,NA,NA,NA,1,NA,NA,NA,NA,NA,NA,NA,NA,1,NA,NA,NA,NA,NA,NA,1,NA,13,4,2,2,7,5,5,5,2,4,3,4,5,6,1,4,1,4,5,8,6,9,7,5,6,7,6,6,3,7,4,4
46,1,21,NA,NA,NA,NA,NA,NA,NA,NA,NA,NA,NA,NA,NA,NA,NA,NA,NA,NA,NA,NA,NA,NA,NA,NA,NA,NA,NA,NA,NA,NA,1,NA,NA,NA,NA,NA,NA,1,NA,13,4,1,3,5,3,3,1,3,5,1,2,3,3,3,4,3,3,3,3,3,3,2,4,5,2,1,3,4,3,2,5
24,1,19,NA,NA,NA,NA,NA,NA,1,NA,1,NA,NA,NA,1,1,1,1,1,NA,NA,NA,NA,NA,NA,NA,NA,NA,NA,1,NA,NA,NA,NA,NA,NA,1,NA,NA,NA,NA,2,4,3,3,6,6,7,4,3,2,3,5,3,6,6,3,4,3,5,6,1,5,3,4,6,5,6,5,4,5,3,5
98,1,19,NA,NA,NA,NA,NA,1,NA,NA,NA,NA,NA,NA,NA,NA,NA,NA,NA,1,NA,NA,NA,1,NA,NA,NA,NA,NA,NA,NA,NA,1,NA,NA,NA,NA,NA,NA,1,NA,12,4,8,10,8,10,10,10,10,10,9,8,10,8,10,10,9,9,10,7,10,10,10,9,10,10,6,10,7,10,10,10
197,1,24,NA,NA,NA,1,NA,NA,NA,NA,NA,NA,NA,NA,NA,1,1,1,1,NA,1,NA,NA,NA,NA,NA,NA,NA,1,NA,NA,NA,NA,NA,NA,1,NA,NA,NA,NA,NA,2,5,4,7,6,7,4,6,3,6,7,7,6,4,5,6,6,4,3,3,3,5,5,3,6,3,5,5,6,6,5,4
175,1,26,NA,NA,NA,NA,NA,NA,NA,NA,NA,NA,NA,NA,NA,NA,NA,NA,NA,NA,NA,NA,NA,NA,NA,NA,NA,NA,NA,NA,NA,NA,1,NA,NA,NA,NA,NA,NA,1,NA,7,6,5,6,6,7,7,3,5,5,4,5,7,10,6,5,5,6,7,7,7,5,6,8,6,6,7,5,6,7,4,7
169,1,18,NA,NA,1,NA,NA,1,1,1,NA,NA,NA,NA,NA,NA,NA,NA,NA,NA,NA,NA,NA,NA,NA,1,1,NA,NA,1,NA,NA,NA,NA,NA,NA,1,NA,NA,NA,NA,1,6,7,9,6,8,7,7,9,9,9,7,8,7,3,10,8,5,9,8,8,8,6,6,7,8,9,9,5,6,7,7
40,1,22,NA,NA,NA,NA,NA,1,NA,NA,NA,NA,NA,NA,NA,NA,NA,NA,NA,1,1,1,1,NA,NA,NA,NA,1,NA,NA,NA,NA,NA,NA,1,NA,NA,NA,NA,NA,NA,9,6,8,6,7,9,9,8,5,6,9,9,7,10,7,8,7,7,6,6,7,8,7,8,8,7,8,7,10,7,9,6
223,1,24,NA,1,NA,NA,NA,NA,1,NA,NA,NA,NA,NA,NA,NA,NA,NA,NA,NA,NA,1,NA,NA,NA,NA,NA,NA,1,NA,NA,NA,NA,NA,NA,1,NA,NA,NA,NA,NA,13,1,6,6,6,7,8,7,9,7,8,3,9,9,7,7,6,5,5,3,4,4,5,7,6,6,2,5,5,4,7,4
96,1,22,NA,NA,NA,NA,NA,NA,NA,NA,NA,NA,NA,NA,NA,NA,NA,NA,NA,NA,NA,NA,NA,NA,NA,NA,NA,NA,NA,NA,NA,NA,1,NA,NA,NA,NA,NA,NA,1,NA,13,4,10,8,6,9,7,9,9,9,9,10,9,1,10,10,10,10,8,6,10,8,8,8,7,10,10,9,4,7,8,7
102,1,24,NA,NA,NA,NA,NA,1,NA,NA,NA,NA,NA,NA,1,NA,NA,NA,NA,NA,NA,NA,NA,NA,NA,NA,1,NA,NA,NA,NA,NA,1,NA,NA,NA,NA,NA,NA,1,NA,7,7,6,6,5,6,5,7,7,4,6,4,7,4,4,5,5,6,8,4,4,6,7,7,4,8,4,6,5,6,5,6
118,1,24,NA,NA,NA,1,1,1,NA,NA,1,NA,1,NA,NA,NA,NA,NA,NA,NA,1,1,NA,NA,NA,NA,1,NA,1,NA,NA,NA,NA,NA,NA,1,NA,NA,NA,NA,NA,1,4,8,6,5,5,6,7,3,6,7,6,6,5,6,7,6,7,8,4,8,7,7,7,7,7,6,6,6,7,4,6
55,1,20,NA,NA,NA,NA,NA,1,1,NA,NA,NA,NA,NA,NA,NA,NA,NA,NA,NA,NA,NA,NA,NA,NA,1,NA,NA,NA,NA,NA,NA,1,NA,NA,NA,NA,NA,NA,1,NA,1,2,6,5,6,6,5,8,8,3,6,7,6,4,5,5,5,3,7,7,5,4,5,7,6,6,5,7,4,4,7,6
81,1,20,NA,NA,NA,NA,1,NA,NA,NA,NA,1,1,1,1,NA,1,NA,NA,NA,1,NA,NA,NA,NA,NA,1,1,NA,NA,NA,NA,NA,NA,1,NA,NA,NA,NA,NA,NA,13,4,9,8,6,9,7,8,8,7,9,8,6,1,8,7,7,8,8,8,7,7,7,7,9,9,7,9,3,10,8,9
21,1,22,NA,NA,1,NA,NA,NA,1,NA,NA,NA,NA,NA,NA,NA,NA,NA,NA,NA,1,NA,NA,NA,NA,NA,NA,NA,NA,1,NA,NA,NA,NA,NA,NA,1,NA,NA,NA,NA,1,1,7,7,5,6,9,7,9,6,7,7,3,6,7,6,7,6,6,6,7,4,6,7,6,5,6,6,5,7,8,6
71,1,22,NA,NA,NA,NA,1,NA,NA,NA,NA,NA,NA,NA,NA,NA,NA,NA,NA,1,NA,NA,NA,NA,NA,1,NA,1,NA,NA,NA,NA,NA,NA,1,NA,NA,NA,NA,NA,NA,9,5,3,5,5,4,6,7,6,5,5,5,5,4,5,6,5,4,4,4,4,3,3,5,2,5,3,4,3,4,4,2
88,1,25,NA,1,NA,NA,NA,NA,NA,1,NA,NA,NA,NA,NA,NA,NA,NA,NA,NA,NA,NA,NA,NA,1,NA,NA,NA,1,NA,NA,NA,NA,NA,NA,1,NA,NA,NA,NA,NA,2,1,8,9,8,9,6,7,7,8,9,8,9,7,9,10,8,7,7,7,6,2,4,8,8,9,5,8,6,6,8,6
111,1,20,NA,1,NA,1,1,NA,NA,NA,1,1,1,1,1,1,1,1,1,1,NA,NA,NA,1,NA,NA,NA,NA,NA,NA,NA,NA,1,NA,NA,NA,NA,NA,NA,1,NA,1,4,8,9,6,9,6,9,9,9,6,10,8,4,7,9,8,9,7,9,8,6,7,9,9,10,9,7,5,7,10,10
129,1,20,NA,NA,NA,NA,NA,NA,NA,NA,NA,NA,NA,NA,NA,NA,NA,NA,NA,NA,NA,NA,NA,NA,NA,NA,NA,NA,1,NA,NA,NA,NA,NA,NA,1,NA,NA,NA,NA,NA,2,3,5,8,6,9,8,8,6,8,6,8,6,5,6,5,6,6,8,7,7,6,9,6,7,7,9,7,8,8,6,6
68,1,26,NA,NA,NA,NA,1,NA,NA,NA,1,1,1,1,1,NA,1,NA,NA,NA,1,1,1,NA,1,1,1,1,NA,NA,NA,NA,NA,NA,1,NA,NA,NA,NA,NA,NA,13,4,8,8,6,6,7,6,9,9,10,8,8,6,8,10,8,8,9,7,6,6,6,10,6,9,7,8,7,10,8,9
23,1,21,NA,1,NA,NA,NA,NA,NA,NA,NA,NA,NA,NA,NA,NA,NA,NA,NA,1,NA,NA,NA,NA,NA,NA,1,NA,1,NA,NA,NA,NA,NA,NA,1,NA,NA,NA,NA,NA,13,3,10,9,4,7,5,7,8,7,7,7,7,7,6,8,7,8,7,5,9,5,7,7,8,5,9,8,9,6,8,5
110,1,23,1,NA,NA,NA,NA,NA,NA,NA,NA,NA,NA,NA,1,1,NA,NA,NA,NA,NA,NA,NA,NA,NA,NA,1,NA,NA,NA,NA,NA,1,NA,NA,NA,NA,NA,NA,1,NA,1,4,8,7,5,5,8,5,6,7,7,9,5,5,4,5,5,8,8,5,6,6,8,9,8,7,10,9,4,8,8,9
80,1,22,1,NA,NA,NA,1,NA,1,NA,NA,NA,NA,NA,NA,NA,NA,NA,NA,NA,NA,NA,NA,1,NA,NA,NA,NA,NA,NA,NA,NA,1,NA,NA,NA,NA,NA,NA,1,NA,1,4,10,5,4,5,5,4,4,4,7,5,5,5,4,5,4,7,6,5,6,4,3,7,6,5,6,8,5,4,8,5
4,1,22,NA,NA,1,NA,NA,NA,NA,NA,NA,NA,NA,NA,NA,NA,1,NA,NA,NA,NA,NA,NA,1,NA,NA,NA,1,NA,NA,NA,NA,NA,NA,1,NA,NA,NA,NA,NA,NA,9,4,10,8,8,10,10,7,9,7,9,10,8,7,10,8,8,10,7,7,7,6,9,9,7,7,10,8,8,8,8,6
89,1,19,NA,1,NA,1,1,NA,NA,NA,NA,NA,NA,NA,NA,NA,NA,1,1,NA,NA,NA,NA,NA,NA,NA,1,NA,NA,NA,NA,NA,1,NA,NA,NA,NA,NA,NA,1,NA,2,5,9,10,7,5,9,8,8,9,7,10,10,8,10,5,9,9,8,6,6,8,7,9,9,7,8,6,7,7,7,8
108,1,18,NA,1,NA,NA,NA,NA,NA,NA,NA,NA,NA,NA,1,1,1,1,NA,NA,1,1,NA,NA,NA,NA,NA,NA,NA,1,NA,NA,NA,NA,NA,NA,1,NA,NA,NA,NA,2,7,7,9,6,7,8,9,8,8,9,9,10,2,5,10,9,7,8,8,8,7,5,7,9,9,9,8,2,8,6,10
77,1,22,NA,NA,NA,1,NA,NA,1,1,1,1,1,1,NA,1,1,1,1,1,1,NA,NA,NA,NA,NA,NA,1,NA,NA,NA,NA,NA,NA,1,NA,NA,NA,NA,NA,NA,7,6,7,9,7,9,7,10,9,8,9,8,9,6,9,6,8,9,7,6,8,8,10,8,8,8,10,8,7,8,7,8
126,1,26,1,1,1,1,1,NA,NA,NA,1,1,1,1,1,1,1,1,1,1,NA,NA,NA,1,1,1,1,NA,NA,NA,NA,NA,1,NA,NA,NA,NA,NA,NA,1,NA,1,1,7,7,6,7,9,7,6,6,7,5,8,1,5,8,6,6,6,5,5,5,5,6,8,8,4,8,1,8,7,7
200,1,20,NA,NA,NA,NA,1,NA,NA,NA,NA,1,1,1,1,NA,1,NA,NA,NA,1,NA,NA,NA,NA,NA,1,1,NA,NA,NA,NA,NA,NA,1,NA,NA,NA,NA,NA,NA,13,4,3,8,7,7,7,6,8,3,5,7,3,7,3,5,7,6,5,7,7,5,8,3,6,6,9,8,7,7,5,8
3,1,20,NA,NA,NA,NA,NA,NA,NA,1,1,1,1,1,1,1,1,1,1,NA,NA,NA,NA,NA,NA,1,1,NA,NA,NA,NA,NA,1,NA,NA,NA,NA,NA,NA,1,NA,1,2,6,6,5,7,5,7,5,8,6,5,5,6,7,7,5,5,6,3,7,2,7,5,6,6,7,7,5,9,7,6
120,1,21,NA,NA,1,NA,NA,NA,NA,NA,NA,NA,NA,NA,NA,NA,NA,1,NA,NA,NA,NA,1,NA,NA,NA,NA,NA,NA,NA,NA,NA,1,NA,NA,NA,NA,NA,NA,1,NA,13,4,9,6,7,7,9,6,6,8,8,9,5,8,7,8,6,9,8,8,7,10,8,8,7,8,10,8,9,7,8,7
207,1,25,NA,NA,NA,NA,1,NA,1,1,1,NA,NA,NA,NA,NA,NA,NA,NA,NA,1,NA,NA,NA,NA,NA,1,1,NA,NA,NA,NA,NA,NA,1,NA,NA,NA,NA,NA,NA,11,3,9,8,9,7,6,8,9,10,10,6,9,7,8,9,7,7,5,5,6,8,8,7,6,8,6,6,5,6,7,7
16,1,20,NA,NA,NA,NA,NA,NA,NA,NA,NA,NA,NA,NA,NA,NA,NA,NA,NA,NA,NA,NA,NA,NA,NA,NA,NA,NA,NA,1,NA,NA,NA,NA,NA,NA,1,NA,NA,NA,NA,1,2,7,6,5,7,5,8,8,7,8,7,8,5,5,5,6,6,5,5,5,6,4,7,8,6,7,8,5,7,5,6
43,1,22,NA,NA,NA,NA,NA,NA,NA,NA,NA,NA,NA,NA,NA,NA,NA,NA,NA,NA,1,1,1,NA,NA,NA,NA,NA,1,NA,NA,NA,NA,NA,NA,1,NA,NA,NA,NA,NA,2,6,7,7,7,9,9,9,8,10,7,8,7,10,8,10,9,7,7,6,8,10,6,7,8,8,7,7,8,8,6,7
72,1,26,NA,1,NA,NA,NA,NA,NA,1,NA,NA,NA,NA,NA,NA,NA,NA,NA,NA,NA,NA,NA,NA,1,NA,NA,NA,1,NA,NA,NA,NA,NA,NA,1,NA,NA,NA,NA,NA,2,1,2,5,6,4,4,4,0,3,2,1,3,7,3,0,4,5,5,4,3,2,4,1,2,2,5,5,5,3,5,5
19,1,20,1,1,NA,1,1,NA,NA,NA,NA,1,1,1,1,1,1,1,1,1,NA,NA,NA,NA,NA,NA,1,NA,NA,NA,NA,NA,1,NA,NA,NA,NA,NA,NA,1,NA,1,2,4,5,7,6,1,6,5,4,3,5,4,5,4,3,5,4,6,5,5,2,5,4,5,3,4,5,3,5,3,4
229,1,23,NA,1,1,NA,NA,NA,NA,NA,NA,NA,NA,NA,NA,NA,NA,NA,NA,1,NA,NA,NA,NA,1,1,1,NA,1,1,NA,NA,NA,NA,NA,1,1,NA,NA,NA,NA,11,1,6,5,6,6,6,4,3,7,2,5,5,1,7,4,5,5,6,7,6,4,4,7,6,4,7,4,2,4,7,5
12,1,18,NA,NA,NA,NA,NA,1,NA,1,NA,NA,NA,NA,NA,NA,NA,NA,NA,NA,NA,NA,NA,NA,1,NA,NA,NA,NA,NA,NA,NA,1,NA,NA,NA,NA,NA,NA,1,NA,2,5,9,10,10,9,9,10,9,10,10,9,10,6,7,9,7,9,10,8,8,6,9,6,8,6,6,9,7,8,7,9
53,1,21,1,NA,NA,NA,NA,NA,NA,1,NA,NA,NA,NA,NA,NA,NA,NA,NA,NA,NA,NA,NA,NA,NA,1,NA,1,NA,NA,NA,NA,NA,NA,1,NA,NA,NA,NA,NA,NA,2,7,10,7,5,7,6,9,9,9,9,7,7,8,8,9,8,7,8,6,7,8,8,7,8,7,6,9,8,10,9,6
151,1,25,NA,NA,NA,NA,NA,NA,NA,NA,NA,NA,NA,NA,NA,NA,NA,NA,NA,NA,NA,NA,NA,NA,NA,NA,NA,1,NA,NA,NA,NA,NA,NA,1,NA,NA,NA,NA,NA,NA,10,6,5,5,6,7,4,8,7,6,6,5,7,2,5,7,8,8,6,6,7,4,8,4,7,7,5,8,2,5,8,6
116,1,20,NA,NA,NA,1,NA,NA,NA,NA,NA,NA,NA,NA,NA,1,1,1,1,NA,1,NA,NA,NA,NA,NA,NA,NA,1,NA,NA,NA,NA,NA,NA,1,NA,NA,NA,NA,NA,2,5,5,6,3,4,8,5,6,6,7,9,4,4,6,6,5,8,2,2,5,4,3,5,5,6,6,4,1,6,7,2
93,1,26,NA,1,NA,NA,NA,NA,NA,NA,NA,NA,NA,NA,1,NA,NA,NA,NA,NA,1,1,NA,NA,NA,NA,NA,NA,NA,NA,NA,NA,1,NA,NA,NA,NA,NA,NA,1,NA,12,6,3,1,0,1,1,4,4,2,2,3,3,1,0,4,1,5,2,1,2,4,2,3,5,2,2,5,1,2,4,3
220,1,25,1,1,1,1,1,NA,NA,NA,NA,NA,NA,NA,NA,NA,NA,NA,NA,NA,NA,NA,NA,NA,NA,1,1,NA,NA,NA,NA,NA,1,NA,NA,NA,NA,NA,NA,1,NA,2,2,6,7,3,5,8,6,6,6,7,9,6,7,6,7,7,6,6,4,4,8,6,7,8,7,10,7,6,9,8,6
115,1,19,NA,NA,NA,NA,NA,NA,NA,NA,NA,NA,NA,NA,NA,NA,NA,NA,NA,NA,1,NA,NA,NA,NA,NA,NA,NA,1,NA,NA,NA,NA,NA,NA,1,NA,NA,NA,NA,NA,13,7,5,4,4,4,3,5,4,6,4,2,4,6,5,3,4,5,5,3,4,4,6,5,5,4,6,4,4,4,6,6
140,1,23,NA,1,NA,NA,NA,NA,NA,NA,NA,NA,1,1,1,1,1,1,1,1,1,NA,NA,NA,NA,NA,1,NA,1,NA,NA,NA,NA,NA,NA,1,NA,NA,NA,NA,NA,1,4,5,6,8,6,5,9,6,7,7,5,9,2,5,8,8,7,5,7,5,5,6,7,7,6,5,9,0,6,8,7
107,1,20,NA,NA,NA,1,NA,NA,NA,NA,1,1,1,1,NA,NA,NA,NA,NA,NA,NA,NA,NA,NA,NA,1,1,1,NA,NA,NA,NA,NA,NA,1,NA,NA,NA,NA,NA,NA,13,4,6,7,5,6,6,5,7,7,6,4,5,4,6,7,7,8,7,7,6,5,3,9,8,8,6,6,4,7,6,7
121,1,26,NA,1,NA,NA,NA,NA,NA,NA,NA,NA,NA,NA,NA,NA,NA,NA,NA,1,NA,1,NA,NA,NA,NA,NA,NA,1,NA,NA,NA,NA,NA,NA,1,NA,NA,NA,NA,NA,13,2,6,6,5,5,8,7,2,7,8,7,6,2,7,7,7,3,7,5,4,8,7,4,6,5,6,5,6,6,5,6
113,1,24,NA,NA,1,NA,NA,NA,NA,NA,NA,NA,NA,NA,NA,NA,1,NA,NA,NA,NA,NA,NA,1,NA,NA,NA,1,NA,NA,NA,NA,NA,NA,1,NA,NA,NA,NA,NA,NA,9,4,9,3,5,5,8,6,9,7,7,6,6,7,6,7,6,10,8,10,10,10,7,10,8,9,9,8,8,9,10,8
184,1,22,NA,1,NA,NA,NA,NA,NA,1,NA,NA,NA,NA,NA,NA,NA,NA,NA,NA,NA,NA,NA,NA,1,NA,NA,NA,1,NA,NA,NA,NA,NA,NA,1,NA,NA,NA,NA,NA,2,1,6,6,6,6,3,5,5,7,6,6,8,6,5,7,6,6,8,6,6,7,6,6,9,8,6,8,5,8,5,7
245,1,20,NA,NA,NA,NA,NA,1,1,NA,NA,NA,NA,NA,NA,NA,NA,NA,NA,NA,NA,1,NA,NA,NA,NA,NA,NA,NA,NA,NA,NA,1,NA,NA,NA,NA,NA,NA,1,NA,1,5,7,8,5,7,5,6,9,7,8,6,9,1,8,8,6,7,7,5,6,8,7,7,6,6,5,6,2,8,5,8
226,1,26,NA,NA,NA,NA,1,NA,NA,NA,NA,NA,NA,NA,1,NA,NA,NA,NA,NA,NA,NA,NA,1,NA,NA,NA,NA,NA,NA,NA,NA,1,NA,NA,NA,NA,NA,NA,1,NA,2,4,3,2,5,5,4,5,3,5,3,6,3,6,4,5,3,4,3,2,2,3,4,2,6,3,6,2,4,3,3,3
47,1,22,NA,NA,NA,NA,NA,NA,NA,NA,NA,NA,NA,NA,NA,NA,NA,NA,NA,NA,1,1,1,NA,NA,NA,NA,NA,NA,1,NA,NA,1,NA,NA,NA,1,NA,NA,1,NA,2,6,10,8,8,10,10,8,9,7,10,9,7,3,8,8,10,8,10,10,10,8,10,10,10,10,9,10,4,10,10,10
177,1,18,1,1,1,1,1,NA,NA,NA,NA,NA,NA,NA,NA,NA,NA,NA,NA,1,NA,NA,NA,1,NA,NA,NA,NA,NA,NA,NA,NA,1,NA,NA,NA,NA,NA,NA,1,NA,12,4,7,7,7,8,6,7,10,9,6,6,4,6,5,8,6,9,6,6,6,7,7,6,8,7,6,7,7,6,9,9
109,1,20,NA,NA,NA,NA,NA,NA,NA,NA,NA,NA,NA,NA,NA,NA,NA,NA,NA,NA,NA,NA,NA,NA,NA,NA,NA,NA,NA,NA,NA,NA,1,NA,NA,NA,NA,NA,NA,1,NA,4,2,6,5,2,4,4,3,4,6,4,4,4,3,5,4,4,7,4,5,5,6,5,6,5,5,5,5,4,3,5,5
198,1,22,NA,NA,NA,NA,NA,NA,NA,NA,NA,NA,NA,NA,NA,NA,NA,NA,NA,NA,1,1,NA,NA,NA,NA,NA,NA,NA,1,NA,NA,NA,NA,NA,NA,1,NA,NA,NA,NA,12,6,9,4,6,7,6,6,7,6,6,4,8,0,9,9,7,7,6,8,8,7,6,9,9,6,6,7,2,7,8,6
141,1,20,NA,1,NA,NA,NA,NA,NA,NA,NA,NA,NA,NA,NA,NA,NA,NA,NA,1,NA,1,NA,NA,NA,NA,NA,NA,1,NA,NA,NA,NA,NA,NA,1,NA,NA,NA,NA,NA,13,2,7,7,6,7,6,7,7,7,8,5,7,5,8,8,4,6,7,5,7,5,7,5,6,7,4,6,6,6,6,7
160,1,20,NA,1,NA,NA,NA,NA,1,1,NA,NA,NA,NA,NA,NA,NA,NA,NA,NA,NA,NA,NA,NA,NA,1,NA,NA,1,NA,NA,NA,NA,NA,NA,1,NA,NA,NA,NA,NA,2,5,8,7,2,8,6,5,5,7,8,7,8,7,5,7,3,8,8,6,8,8,5,8,8,8,6,8,3,6,8,6
222,1,26,NA,1,NA,NA,1,NA,NA,NA,1,NA,NA,1,1,1,NA,NA,NA,NA,1,1,1,NA,NA,NA,NA,NA,NA,NA,NA,NA,1,NA,NA,NA,NA,NA,NA,1,NA,10,7,9,8,8,7,7,8,8,7,8,6,6,4,8,7,9,6,9,6,8,8,8,7,8,9,9,8,6,9,7,9
182,1,20,NA,NA,NA,NA,NA,NA,NA,NA,NA,NA,NA,NA,NA,NA,NA,NA,NA,NA,NA,NA,NA,NA,NA,NA,NA,NA,NA,NA,NA,NA,1,NA,NA,NA,NA,NA,NA,1,NA,3,4,9,8,8,7,9,9,10,9,8,7,9,10,8,8,10,9,8,7,9,8,8,7,7,7,6,10,6,9,8,8
83,1,26,1,NA,1,NA,1,1,1,1,NA,NA,NA,NA,NA,NA,NA,NA,NA,1,NA,NA,NA,NA,1,1,1,NA,NA,NA,NA,NA,1,NA,NA,NA,NA,NA,NA,1,NA,2,6,6,7,6,8,8,7,7,8,8,8,7,8,8,7,8,9,9,9,8,10,10,8,10,9,8,9,9,9,9,9
28,1,26,NA,NA,NA,NA,NA,1,NA,NA,NA,NA,NA,NA,NA,NA,NA,NA,NA,1,NA,NA,NA,1,NA,NA,NA,NA,NA,NA,NA,NA,1,NA,NA,NA,NA,NA,NA,1,NA,12,7,6,3,7,7,3,4,6,3,5,3,3,5,4,6,4,5,5,4,4,4,4,5,7,4,4,5,5,4,6,3
63,1,22,1,1,1,1,1,NA,1,1,1,1,1,1,1,1,1,1,1,1,NA,NA,NA,NA,1,1,1,NA,1,NA,NA,NA,NA,NA,NA,1,NA,NA,NA,NA,NA,1,7,7,7,5,7,7,7,7,8,8,6,7,5,7,8,6,6,5,4,4,4,4,6,3,6,5,5,1,5,7,3
162,1,21,NA,NA,NA,NA,NA,1,1,NA,NA,NA,NA,NA,NA,NA,NA,NA,NA,NA,NA,NA,NA,1,NA,NA,NA,NA,NA,NA,NA,NA,1,NA,NA,NA,NA,NA,NA,1,NA,13,4,8,6,6,3,7,6,6,7,6,6,9,8,7,6,6,6,8,8,7,8,7,8,7,7,4,8,7,9,6,9
180,1,23,NA,NA,NA,NA,NA,NA,1,1,1,1,1,1,NA,1,1,NA,1,NA,1,1,NA,NA,NA,NA,NA,1,NA,NA,NA,NA,NA,NA,1,NA,NA,NA,NA,NA,NA,7,4,6,6,4,7,5,5,5,5,7,6,5,4,7,6,7,5,6,5,6,4,6,7,7,6,6,8,5,7,7,6
167,1,24,NA,NA,NA,1,1,NA,NA,NA,NA,NA,NA,NA,NA,NA,NA,NA,NA,NA,1,1,1,1,NA,NA,NA,NA,NA,NA,NA,NA,1,NA,NA,NA,NA,NA,NA,1,NA,2,7,9,8,6,8,8,8,6,8,10,10,6,7,7,7,8,10,8,10,10,6,7,9,7,9,10,9,8,8,10,8
214,1,19,NA,NA,NA,NA,NA,1,NA,NA,1,NA,NA,NA,NA,NA,NA,NA,NA,NA,1,NA,NA,NA,NA,NA,NA,NA,NA,NA,NA,NA,1,NA,NA,NA,NA,NA,NA,1,NA,5,4,9,8,8,9,7,7,10,9,9,10,8,6,7,7,7,9,9,6,10,7,8,10,7,9,10,8,6,8,10,8
190,1,24,NA,NA,NA,NA,NA,1,NA,1,1,1,1,1,1,1,1,1,1,NA,1,NA,NA,NA,NA,NA,1,1,NA,NA,NA,NA,NA,NA,1,NA,NA,NA,NA,NA,NA,1,5,6,7,4,8,4,6,6,8,8,8,6,0,6,7,4,8,7,4,8,5,6,6,8,8,9,6,0,7,7,6
41,1,23,NA,NA,1,NA,NA,1,NA,NA,NA,NA,NA,NA,NA,NA,NA,NA,NA,1,NA,NA,NA,NA,NA,NA,1,NA,NA,1,NA,NA,NA,NA,NA,NA,1,NA,NA,NA,NA,13,4,7,6,7,6,5,6,7,7,4,8,4,2,6,3,4,8,5,6,6,5,7,6,5,5,7,6,2,6,7,5
59,1,22,NA,NA,1,NA,NA,NA,NA,NA,NA,NA,NA,NA,NA,NA,NA,NA,NA,1,NA,NA,NA,NA,NA,NA,1,NA,1,NA,NA,NA,NA,NA,NA,1,NA,NA,NA,NA,NA,1,1,3,5,5,6,3,4,6,6,5,4,7,5,5,6,4,6,8,8,7,6,5,7,8,7,6,7,5,7,6,6
187,1,20,NA,NA,NA,NA,NA,NA,NA,NA,NA,NA,NA,NA,NA,NA,NA,NA,NA,NA,NA,NA,NA,NA,NA,NA,NA,NA,NA,NA,NA,NA,1,NA,NA,NA,NA,NA,NA,1,NA,13,4,6,8,6,4,6,7,8,9,7,6,9,5,7,7,6,5,5,5,3,7,5,6,7,6,5,6,5,5,5,6
112,1,21,NA,NA,NA,NA,NA,1,NA,NA,NA,NA,NA,NA,NA,NA,NA,NA,NA,1,NA,1,NA,NA,NA,NA,NA,NA,1,NA,NA,NA,NA,NA,NA,1,NA,NA,NA,NA,NA,2,3,9,9,6,6,10,6,7,7,8,7,8,7,9,7,9,9,7,5,8,7,8,9,7,9,7,5,8,7,8,8
