StartDate,EndDate,Status,IPAddress,Progress,Duration (in seconds),Finished,RecordedDate,ResponseId,RecipientLastName,RecipientFirstName,RecipientEmail,ExternalReference,LocationLatitude,LocationLongitude,DistributionChannel,UserLanguage,avail9_1,avail9_2,avail9_3,avail9_4,avail9_5,avail9_6,avail9_7,avail930_1,avail930_2,avail930_3,avail930_4,avail930_5,avail930_6,avail930_7,avail10_1,avail10_2,avail10_3,avail10_4,avail10_5,avail10_6,avail10_7,avail1030_1,avail1030_2,avail1030_3,avail1030_4,avail1030_5,avail1030_6,avail1030_7,avail11_1,avail11_2,avail11_3,avail11_4,avail11_5,avail11_6,avail11_7,avail1130_1,avail1130_2,avail1130_3,avail1130_4,avail1130_5,avail1130_6,avail1130_7,avail12_1,avail12_2,avail12_3,avail12_4,avail12_5,avail12_6,avail12_7,avail1230_1,avail1230_2,avail1230_3,avail1230_4,avail1230_5,avail1230_6,avail1230_7,avail1_1,avail1_2,avail1_3,avail1_4,avail1_5,avail1_6,avail1_7,avail130_1,avail130_2,avail130_3,avail130_4,avail130_5,avail130_6,avail130_7,avail2_1,avail2_2,avail2_3,avail2_4,avail2_5,avail2_6,avail2_7,avail230_1,avail230_2,avail230_3,avail230_4,avail230_5,avail230_6,avail230_7,avail3_1,avail3_2,avail3_3,avail3_4,avail3_5,avail3_6,avail3_7,avail330_1,avail330_2,avail330_3,avail330_4,avail330_5,avail330_6,avail330_7,avail4_1,avail4_2,avail4_3,avail4_4,avail4_5,avail4_6,avail4_7,avail430_1,avail430_2,avail430_3,avail430_4,avail430_5,avail430_6,avail430_7
Start Date,End Date,Response Type,IP Address,Progress,Duration (in seconds),Finished,Recorded Date,Response ID,Recipient Last Name,Recipient First Name,Recipient Email,External Data Reference,Location Latitude,Location Longitude,Distribution Channel,User Language,Please select all times that you are available during a typical week. - 9a - 9:30a - m,Please select all times that you are available during a typical week. - 9a - 9:30a - t,Please select all times that you are available during a typical week. - 9a - 9:30a - w,Please select all times that you are available during a typical week. - 9a - 9:30a - th,Please select all times that you are available during a typical week. - 9a - 9:30a - f,Please select all times that you are available during a typical week. - 9a - 9:30a - s,Please select all times that you are available during a typical week. - 9a - 9:30a - su,Please select all times that you are available during a typical week. - 9:30a - 10a - m,Please select all times that you are available during a typical week. - 9:30a - 10a - t,Please select all times that you are available during a typical week. - 9:30a - 10a - w,Please select all times that you are available during a typical week. - 9:30a - 10a - th,Please select all times that you are available during a typical week. - 9:30a - 10a - f,Please select all times that you are available during a typical week. - 9:30a - 10a - s,Please select all times that you are available during a typical week. - 9:30a - 10a - su,Please select all times that you are available during a typical week. - 10a - 10:30a - m,Please select all times that you are available during a typical week. - 10a - 10:30a - t,Please select all times that you are available during a typical week. - 10a - 10:30a - w,Please select all times that you are available during a typical week. - 10a - 10:30a - th,Please select all times that you are available during a typical week. - 10a - 10:30a - f,Please select all times that you are available during a typical week. - 10a - 10:30a - s,Please select all times that you are available during a typical week. - 10a - 10:30a - su,Please select all times that you are available during a typical week. - 10:30a - 11a - m,Please select all times that you are available during a typical week. - 10:30a - 11a - t,Please select all times that you are available during a typical week. - 10:30a - 11a - w,Please select all times that you are available during a typical week. - 10:30a - 11a - th,Please select all times that you are available during a typical week. - 10:30a - 11a - f,Please select all times that you are available during a typical week. - 10:30a - 11a - s,Please select all times that you are available during a typical week. - 10:30a - 11a - su,Please select all times that you are available during a typical week. - 11a - 11:30a - m,Please select all times that you are available during a typical week. - 11a - 11:30a - t,Please select all times that you are available during a typical week. - 11a - 11:30a - w,Please select all times that you are available during a typical week. - 11a - 11:30a - th,Please select all times that you are available during a typical week. - 11a - 11:30a - f,Please select all times that you are available during a typical week. - 11a - 11:30a - s,Please select all times that you are available during a typical week. - 11a - 11:30a - su,Please select all times that you are available during a typical week. - 11:30a - 12:00p - m,Please select all times that you are available during a typical week. - 11:30a - 12:00p - t,Please select all times that you are available during a typical week. - 11:30a - 12:00p - w,Please select all times that you are available during a typical week. - 11:30a - 12:00p - th,Please select all times that you are available during a typical week. - 11:30a - 12:00p - f,Please select all times that you are available during a typical week. - 11:30a - 12:00p - s,Please select all times that you are available during a typical week. - 11:30a - 12:00p - su,Please select all times that you are available during a typical week. - 12:00p - 12:30p - m,Please select all times that you are available during a typical week. - 12:00p - 12:30p - t,Please select all times that you are available during a typical week. - 12:00p - 12:30p - w,Please select all times that you are available during a typical week. - 12:00p - 12:30p - th,Please select all times that you are available during a typical week. - 12:00p - 12:30p - f,Please select all times that you are available during a typical week. - 12:00p - 12:30p - s,Please select all times that you are available during a typical week. - 12:00p - 12:30p - su,Please select all times that you are available during a typical week. - 12:30p - 1p - m,Please select all times that you are available during a typical week. - 12:30p - 1p - t,Please select all times that you are available during a typical week. - 12:30p - 1p - w,Please select all times that you are available during a typical week. - 12:30p - 1p - th,Please select all times that you are available during a typical week. - 12:30p - 1p - f,Please select all times that you are available during a typical week. - 12:30p - 1p - s,Please select all times that you are available during a typical week. - 12:30p - 1p - su,Please select all times that you are available during a typical week. - 1p - 1:30p - m,Please select all times that you are available during a typical week. - 1p - 1:30p - t,Please select all times that you are available during a typical week. - 1p - 1:30p - w,Please select all times that you are available during a typical week. - 1p - 1:30p - th,Please select all times that you are available during a typical week. - 1p - 1:30p - f,Please select all times that you are available during a typical week. - 1p - 1:30p - s,Please select all times that you are available during a typical week. - 1p - 1:30p - su,Please select all times that you are available during a typical week. - 1:30p - 2p - m,Please select all times that you are available during a typical week. - 1:30p - 2p - t,Please select all times that you are available during a typical week. - 1:30p - 2p - w,Please select all times that you are available during a typical week. - 1:30p - 2p - th,Please select all times that you are available during a typical week. - 1:30p - 2p - f,Please select all times that you are available during a typical week. - 1:30p - 2p - s,Please select all times that you are available during a typical week. - 1:30p - 2p - su,Please select all times that you are available during a typical week. - 2p - 2:30p - m,Please select all times that you are available during a typical week. - 2p - 2:30p - t,Please select all times that you are available during a typical week. - 2p - 2:30p - w,Please select all times that you are available during a typical week. - 2p - 2:30p - th,Please select all times that you are available during a typical week. - 2p - 2:30p - f,Please select all times that you are available during a typical week. - 2p - 2:30p - s,Please select all times that you are available during a typical week. - 2p - 2:30p - su,Please select all times that you are available during a typical week. - 2:30p - 3p - m,Please select all times that you are available during a typical week. - 2:30p - 3p - t,Please select all times that you are available during a typical week. - 2:30p - 3p - w,Please select all times that you are available during a typical week. - 2:30p - 3p - th,Please select all times that you are available during a typical week. - 2:30p - 3p - f,Please select all times that you are available during a typical week. - 2:30p - 3p - s,Please select all times that you are available during a typical week. - 2:30p - 3p - su,Please select all times that you are available during a typical week. - 3p - 3:30p - m,Please select all times that you are available during a typical week. - 3p - 3:30p - t,Please select all times that you are available during a typical week. - 3p - 3:30p - w,Please select all times that you are available during a typical week. - 3p - 3:30p - th,Please select all times that you are available during a typical week. - 3p - 3:30p - f,Please select all times that you are available during a typical week. - 3p - 3:30p - s,Please select all times that you are available during a typical week. - 3p - 3:30p - su,Please select all times that you are available during a typical week. - 3:30p - 4 - m,Please select all times that you are available during a typical week. - 3:30p - 4 - t,Please select all times that you are available during a typical week. - 3:30p - 4 - w,Please select all times that you are available during a typical week. - 3:30p - 4 - th,Please select all times that you are available during a typical week. - 3:30p - 4 - f,Please select all times that you are available during a typical week. - 3:30p - 4 - s,Please select all times that you are available during a typical week. - 3:30p - 4 - su,Please select all times that you are available during a typical week. - 4p - 4:30p - m,Please select all times that you are available during a typical week. - 4p - 4:30p - t,Please select all times that you are available during a typical week. - 4p - 4:30p - w,Please select all times that you are available during a typical week. - 4p - 4:30p - th,Please select all times that you are available during a typical week. - 4p - 4:30p - f,Please select all times that you are available during a typical week. - 4p - 4:30p - s,Please select all times that you are available during a typical week. - 4p - 4:30p - su,Please select all times that you are available during a typical week. - 4:30p - 5p - m,Please select all times that you are available during a typical week. - 4:30p - 5p - t,Please select all times that you are available during a typical week. - 4:30p - 5p - w,Please select all times that you are available during a typical week. - 4:30p - 5p - th,Please select all times that you are available during a typical week. - 4:30p - 5p - f,Please select all times that you are available during a typical week. - 4:30p - 5p - s,Please select all times that you are available during a typical week. - 4:30p - 5p - su
"{""ImportId"":""startDate"",""timeZone"":""America/Los_Angeles""}","{""ImportId"":""endDate"",""timeZone"":""America/Los_Angeles""}","{""ImportId"":""status""}","{""ImportId"":""ipAddress""}","{""ImportId"":""progress""}","{""ImportId"":""duration""}","{""ImportId"":""finished""}","{""ImportId"":""recordedDate"",""timeZone"":""America/Los_Angeles""}","{""ImportId"":""_recordId""}","{""ImportId"":""recipientLastName""}","{""ImportId"":""recipientFirstName""}","{""ImportId"":""recipientEmail""}","{""ImportId"":""externalDataReference""}","{""ImportId"":""locationLatitude""}","{""ImportId"":""locationLongitude""}","{""ImportId"":""distributionChannel""}","{""ImportId"":""userLanguage""}","{""ImportId"":""QID2_1"",""choiceId"":""1""}","{""ImportId"":""QID2_1"",""choiceId"":""2""}","{""ImportId"":""QID2_1"",""choiceId"":""3""}","{""ImportId"":""QID2_1"",""choiceId"":""4""}","{""ImportId"":""QID2_1"",""choiceId"":""5""}","{""ImportId"":""QID2_1"",""choiceId"":""6""}","{""ImportId"":""QID2_1"",""choiceId"":""7""}","{""ImportId"":""QID2_2"",""choiceId"":""1""}","{""ImportId"":""QID2_2"",""choiceId"":""2""}","{""ImportId"":""QID2_2"",""choiceId"":""3""}","{""ImportId"":""QID2_2"",""choiceId"":""4""}","{""ImportId"":""QID2_2"",""choiceId"":""5""}","{""ImportId"":""QID2_2"",""choiceId"":""6""}","{""ImportId"":""QID2_2"",""choiceId"":""7""}","{""ImportId"":""QID2_3"",""choiceId"":""1""}","{""ImportId"":""QID2_3"",""choiceId"":""2""}","{""ImportId"":""QID2_3"",""choiceId"":""3""}","{""ImportId"":""QID2_3"",""choiceId"":""4""}","{""ImportId"":""QID2_3"",""choiceId"":""5""}","{""ImportId"":""QID2_3"",""choiceId"":""6""}","{""ImportId"":""QID2_3"",""choiceId"":""7""}","{""ImportId"":""QID2_4"",""choiceId"":""1""}","{""ImportId"":""QID2_4"",""choiceId"":""2""}","{""ImportId"":""QID2_4"",""choiceId"":""3""}","{""ImportId"":""QID2_4"",""choiceId"":""4""}","{""ImportId"":""QID2_4"",""choiceId"":""5""}","{""ImportId"":""QID2_4"",""choiceId"":""6""}","{""ImportId"":""QID2_4"",""choiceId"":""7""}","{""ImportId"":""QID2_5"",""choiceId"":""1""}","{""ImportId"":""QID2_5"",""choiceId"":""2""}","{""ImportId"":""QID2_5"",""choiceId"":""3""}","{""ImportId"":""QID2_5"",""choiceId"":""4""}","{""ImportId"":""QID2_5"",""choiceId"":""5""}","{""ImportId"":""QID2_5"",""choiceId"":""6""}","{""ImportId"":""QID2_5"",""choiceId"":""7""}","{""ImportId"":""QID2_6"",""choiceId"":""1""}","{""ImportId"":""QID2_6"",""choiceId"":""2""}","{""ImportId"":""QID2_6"",""choiceId"":""3""}","{""ImportId"":""QID2_6"",""choiceId"":""4""}","{""ImportId"":""QID2_6"",""choiceId"":""5""}","{""ImportId"":""QID2_6"",""choiceId"":""6""}","{""ImportId"":""QID2_6"",""choiceId"":""7""}","{""ImportId"":""QID2_7"",""choiceId"":""1""}","{""ImportId"":""QID2_7"",""choiceId"":""2""}","{""ImportId"":""QID2_7"",""choiceId"":""3""}","{""ImportId"":""QID2_7"",""choiceId"":""4""}","{""ImportId"":""QID2_7"",""choiceId"":""5""}","{""ImportId"":""QID2_7"",""choiceId"":""6""}","{""ImportId"":""QID2_7"",""choiceId"":""7""}","{""ImportId"":""QID2_8"",""choiceId"":""1""}","{""ImportId"":""QID2_8"",""choiceId"":""2""}","{""ImportId"":""QID2_8"",""choiceId"":""3""}","{""ImportId"":""QID2_8"",""choiceId"":""4""}","{""ImportId"":""QID2_8"",""choiceId"":""5""}","{""ImportId"":""QID2_8"",""choiceId"":""6""}","{""ImportId"":""QID2_8"",""choiceId"":""7""}","{""ImportId"":""QID2_9"",""choiceId"":""1""}","{""ImportId"":""QID2_9"",""choiceId"":""2""}","{""ImportId"":""QID2_9"",""choiceId"":""3""}","{""ImportId"":""QID2_9"",""choiceId"":""4""}","{""ImportId"":""QID2_9"",""choiceId"":""5""}","{""ImportId"":""QID2_9"",""choiceId"":""6""}","{""ImportId"":""QID2_9"",""choiceId"":""7""}","{""ImportId"":""QID2_10"",""choiceId"":""1""}","{""ImportId"":""QID2_10"",""choiceId"":""2""}","{""ImportId"":""QID2_10"",""choiceId"":""3""}","{""ImportId"":""QID2_10"",""choiceId"":""4""}","{""ImportId"":""QID2_10"",""choiceId"":""5""}","{""ImportId"":""QID2_10"",""choiceId"":""6""}","{""ImportId"":""QID2_10"",""choiceId"":""7""}","{""ImportId"":""QID2_11"",""choiceId"":""1""}","{""ImportId"":""QID2_11"",""choiceId"":""2""}","{""ImportId"":""QID2_11"",""choiceId"":""3""}","{""ImportId"":""QID2_11"",""choiceId"":""4""}","{""ImportId"":""QID2_11"",""choiceId"":""5""}","{""ImportId"":""QID2_11"",""choiceId"":""6""}","{""ImportId"":""QID2_11"",""choiceId"":""7""}","{""ImportId"":""QID2_12"",""choiceId"":""1""}","{""ImportId"":""QID2_12"",""choiceId"":""2""}","{""ImportId"":""QID2_12"",""choiceId"":""3""}","{""ImportId"":""QID2_12"",""choiceId"":""4""}","{""ImportId"":""QID2_12"",""choiceId"":""5""}","{""ImportId"":""QID2_12"",""choiceId"":""6""}","{""ImportId"":""QID2_12"",""choiceId"":""7""}","{""ImportId"":""QID2_13"",""choiceId"":""1""}","{""ImportId"":""QID2_13"",""choiceId"":""2""}","{""ImportId"":""QID2_13"",""choiceId"":""3""}","{""ImportId"":""QID2_13"",""choiceId"":""4""}","{""ImportId"":""QID2_13"",""choiceId"":""5""}","{""ImportId"":""QID2_13"",""choiceId"":""6""}","{""ImportId"":""QID2_13"",""choiceId"":""7""}","{""ImportId"":""QID2_14"",""choiceId"":""1""}","{""ImportId"":""QID2_14"",""choiceId"":""2""}","{""ImportId"":""QID2_14"",""choiceId"":""3""}","{""ImportId"":""QID2_14"",""choiceId"":""4""}","{""ImportId"":""QID2_14"",""choiceId"":""5""}","{""ImportId"":""QID2_14"",""choiceId"":""6""}","{""ImportId"":""QID2_14"",""choiceId"":""7""}","{""ImportId"":""QID2_15"",""choiceId"":""1""}","{""ImportId"":""QID2_15"",""choiceId"":""2""}","{""ImportId"":""QID2_15"",""choiceId"":""3""}","{""ImportId"":""QID2_15"",""choiceId"":""4""}","{""ImportId"":""QID2_15"",""choiceId"":""5""}","{""ImportId"":""QID2_15"",""choiceId"":""6""}","{""ImportId"":""QID2_15"",""choiceId"":""7""}","{""ImportId"":""QID2_16"",""choiceId"":""1""}","{""ImportId"":""QID2_16"",""choiceId"":""2""}","{""ImportId"":""QID2_16"",""choiceId"":""3""}","{""ImportId"":""QID2_16"",""choiceId"":""4""}","{""ImportId"":""QID2_16"",""choiceId"":""5""}","{""ImportId"":""QID2_16"",""choiceId"":""6""}","{""ImportId"":""QID2_16"",""choiceId"":""7""}"
2023-08-28 14:06:41,2023-08-28 14:06:41,2,,100,0,1,2023-08-28 14:06:41,R_2fTovTDZUVhA2J8,,,,,,,test,,1,1,1,,,,,1,1,1,1,1,1,,1,1,1,1,1,1,,1,1,1,,1,1,1,1,1,,1,1,1,1,,1,1,1,1,1,,1,1,1,1,,1,1,1,1,1,1,1,1,1,1,1,1,1,1,1,,1,1,1,1,1,,1,1,,1,,1,,,1,1,1,1,1,1,1,1,1,1,,1,1,1,,1,,,1,,1,,1,1,,,,1,1,,,1,,,1
2023-08-28 14:06:41,2023-08-28 14:06:41,2,,100,0,1,2023-08-28 14:06:41,R_cTjKpKCvctTB7Fk,,,,,,,test,,,,,,,1,1,1,1,1,1,1,1,1,,,1,,,1,,,1,,,1,1,1,1,1,1,1,1,1,1,1,,1,1,1,1,1,1,1,1,,1,1,1,1,1,1,1,,1,1,1,,1,,1,1,,1,,,,,,,,1,,,1,,,1,,1,1,1,,,,,,1,,,,1,1,1,1,1,1,,,,,,1,,,,,,,,1,
2023-08-28 14:06:41,2023-08-28 14:06:41,2,,100,0,1,2023-08-28 14:06:41,R_e2q7300DgBeQIHc,,,,,,,test,,,,,,1,,,,1,1,1,1,,,1,,,,1,,,1,1,1,1,,1,1,,,,1,1,1,1,1,1,,,1,1,,1,,1,1,,1,1,1,1,1,1,,1,1,,,,,1,,,1,,,,,,1,,,,1,1,,,,,,,1,,,,,,,1,,,1,1,1,1,1,1,1,1,1,1,1,1,1,1,,1,,1,,,
2023-08-28 14:06:42,2023-08-28 14:06:42,2,,100,0,1,2023-08-28 14:06:42,R_eFNPNOeaUEt552e,,,,,,,test,,1,1,,,1,1,1,,,,1,,,,1,1,1,1,1,,,1,1,,1,1,1,1,,,,,1,,,,1,,,,,1,,1,1,1,1,1,1,1,1,1,1,1,,1,1,1,,,1,1,,,,,,1,,1,,,,,,,1,1,,,,1,,,,,,1,,,,1,1,1,1,1,,1,1,,,,1,1,1,,,1,,1,,
2023-08-28 14:06:42,2023-08-28 14:06:42,2,,100,0,1,2023-08-28 14:06:42,R_6QmJMYfxox7US1w,,,,,,,test,,1,1,1,1,1,,1,1,1,1,1,1,,,1,1,1,,,1,1,1,1,1,,,1,1,1,1,1,,,,,1,1,1,1,1,1,1,1,1,1,1,1,1,1,1,,,,,,,1,1,1,1,1,1,1,1,1,1,1,,1,1,,1,1,,,,,,,1,1,1,,1,,,,1,1,1,1,,,,,,,1,1,1,,1,,,,1,1,1,1,1,1,1
2023-08-28 14:06:42,2023-08-28 14:06:42,2,,100,0,1,2023-08-28 14:06:42,R_2trqdtqO7bjAaQm,,,,,,,test,,,,,,1,,,,,,1,,,1,1,,1,1,,,,,1,1,1,,1,1,1,1,1,1,1,1,1,1,,,,,,,1,1,1,1,1,1,1,1,,,1,1,,1,1,,,1,1,1,,,1,1,1,,,,1,,1,,1,1,1,,,,,1,1,,1,,1,,1,,1,,1,,,,1,,,,,1,1,,1,1,,1,,,,
2023-08-28 14:06:42,2023-08-28 14:06:42,2,,100,0,1,2023-08-28 14:06:43,R_1TCp4BL8ouDBXQW,,,,,,,test,,1,1,1,1,1,1,1,1,,,,,,1,1,1,,1,,1,,,,,,1,,1,1,1,1,1,1,1,,1,1,,1,,1,1,,1,1,,,,,,1,1,,,,,1,1,1,1,1,1,1,,1,1,1,1,1,1,,,,1,,,,1,1,1,,1,1,1,,,,1,,1,,,,1,,,1,1,1,,,,,,,1,1,1,1,1,1,1
2023-08-28 14:06:43,2023-08-28 14:06:43,2,,100,0,1,2023-08-28 14:06:43,R_0eJupOrRd4Yej1I,,,,,,,test,,1,1,1,1,,1,1,1,,1,1,1,,1,,,1,,,,1,,1,,1,1,1,1,,1,1,1,1,1,1,,1,1,1,1,1,1,1,,,,1,,1,,1,,1,,,,,1,1,,,1,,1,1,1,1,1,1,1,1,1,1,1,1,,1,,1,1,,1,,1,,1,1,1,,,,1,1,1,,1,1,1,1,,,,1,,,1,,,1,,1,
2023-08-28 14:06:43,2023-08-28 14:06:43,2,,100,0,1,2023-08-28 14:06:43,R_dd4Kow9OwOYYTjM,,,,,,,test,,1,1,1,1,1,1,1,1,1,,1,,,1,,,,1,1,1,,,,1,,,1,,1,,1,,1,1,,,,,1,1,,,,1,1,,,1,1,,,1,,,1,,1,1,1,1,1,1,1,,,1,,,,,,1,1,,1,,1,1,1,,1,,1,1,1,,,,1,,1,1,,1,1,,1,1,1,1,1,1,1,,1,1,1,1,1,1,1,
2023-08-28 14:06:43,2023-08-28 14:06:43,2,,100,0,1,2023-08-28 14:06:43,R_9Hu0td714dPJ3PU,,,,,,,test,,1,1,1,1,1,1,1,1,,,,1,,,1,1,1,1,,1,1,,,1,,1,1,,,,,1,,,,,,1,,,1,1,1,1,1,1,1,1,1,,,,,,,1,1,1,1,1,1,1,1,1,,,,,,1,1,,,1,1,,1,,,1,,1,1,,1,1,,1,1,1,1,1,1,1,1,,1,,,1,,1,1,1,1,1,,,1,1,,
2023-08-28 14:06:44,2023-08-28 14:06:44,2,,100,0,1,2023-08-28 14:06:44,R_aWwbfma23ZVWJjo,,,,,,,test,,1,1,1,1,1,1,1,1,1,,,,1,,1,1,1,,,,,1,1,1,1,1,1,1,,1,1,1,,1,,1,,,1,1,,1,,,1,1,,1,1,,,,,,1,,1,,1,1,1,,1,1,1,,,1,1,1,1,1,,1,1,1,1,1,1,,,1,1,1,1,1,1,1,1,1,1,1,1,1,,1,1,1,,1,1,,1,1,1,1,,,,1,,
2023-08-28 14:06:44,2023-08-28 14:06:44,2,,100,0,1,2023-08-28 14:06:44,R_8dAIcTfJbr022ii,,,,,,,test,,1,,1,1,1,1,1,,,,,,,1,1,1,,,,1,,1,,1,,1,1,1,,1,,1,1,,,1,,,1,,,,1,1,1,1,1,1,1,,1,1,1,,1,1,1,,,1,,,1,1,1,1,1,1,,1,,,,,,,1,,1,,,,1,1,1,1,,1,1,,1,1,,,,,,,,1,1,,1,1,1,1,,,,1,,
2023-08-28 14:06:44,2023-08-28 14:06:44,2,,100,0,1,2023-08-28 14:06:44,R_6qXGZMt4CRHcgEC,,,,,,,test,,,,1,1,,,,,,1,1,1,1,1,,,,,,1,1,1,1,1,1,1,1,1,,1,1,,,,1,,,,1,1,1,1,1,1,,1,1,1,,1,1,,1,,1,1,,1,1,,1,1,1,1,,1,1,1,1,1,,,,,1,,,1,,,1,,1,1,1,1,1,1,,1,1,1,1,1,1,1,1,1,,1,,1,,1,1,1,1,1,1,1,1,1
2023-08-28 14:06:44,2023-08-28 14:06:44,2,,100,0,1,2023-08-28 14:06:45,R_eY7MkSGbtuSIDI2,,,,,,,test,,,,1,1,1,,,,1,1,1,1,1,,,1,1,,1,1,1,,,,,,1,,1,1,1,,1,1,1,1,1,,1,1,,,1,,,1,,1,1,,,1,1,1,1,1,1,1,1,,1,1,1,,,,1,,1,1,1,,1,,1,1,1,1,1,1,1,1,,1,1,1,1,1,1,1,,1,1,,,1,,1,1,1,1,1,,1,1,,,1,,,,1
2023-08-28 14:06:45,2023-08-28 14:06:45,2,,100,0,1,2023-08-28 14:06:45,R_8e2oZbBAYoGj5K6,,,,,,,test,,1,1,,,1,1,1,,,1,,,1,,1,1,1,,1,1,,,1,,,,,,1,1,1,,,,1,,,,,1,,,1,1,1,1,1,1,1,1,1,1,,1,1,,1,,1,1,1,,1,,1,1,,,,,,,,,,,1,1,,,1,,,1,,1,,1,,,,,,,1,,,,1,1,1,1,1,1,1,1,1,,1,1,,1
2023-08-28 14:06:45,2023-08-28 14:06:45,2,,100,0,1,2023-08-28 14:06:45,R_byGi79jRCdt4Lz0,,,,,,,test,,,,,,1,,,1,1,,1,1,1,1,,,,,,1,1,1,1,1,,1,1,1,1,,1,1,1,1,1,1,,,,,1,,1,,1,,,,1,1,1,1,,1,1,1,1,1,1,1,1,1,1,1,1,1,,,1,,1,1,,1,,,1,,1,,1,1,,,1,,,,1,,1,,1,1,1,1,1,,1,1,1,1,1,1,1,1,,1,1,,,
2023-08-28 14:06:45,2023-08-28 14:06:45,2,,100,0,1,2023-08-28 14:06:45,R_5vfm0Jd1lvv5b1Q,,,,,,,test,,1,,1,1,,1,1,1,1,1,1,1,1,1,,,,1,,,,1,,,,1,1,,,1,1,1,1,1,1,1,1,,1,1,,,1,1,1,1,1,1,1,1,1,1,1,1,1,1,,1,1,1,1,1,,1,1,1,,1,1,1,1,1,1,,,,1,,,1,,1,1,1,1,1,1,1,1,1,,,,,,,1,,,,,,1,1,1,1,1,,1,1,1,1
2023-08-28 14:06:46,2023-08-28 14:06:46,2,,100,0,1,2023-08-28 14:06:46,R_6utGQ7zdkPHkBeu,,,,,,,test,,1,1,1,1,1,1,1,1,,,,,1,,1,,,,,,,,,1,1,,,1,1,,,,,1,,1,1,1,1,1,1,1,1,1,1,1,1,1,1,,,,1,,,1,1,1,1,1,1,,1,1,1,1,1,1,1,1,,,,1,1,1,1,1,1,1,,,,,1,1,1,1,1,1,1,1,,1,,1,,,,1,,1,1,,,1,1,1,1,1,1,1
2023-08-28 14:06:46,2023-08-28 14:06:46,2,,100,0,1,2023-08-28 14:06:46,R_3OtvShHzjqMhUZE,,,,,,,test,,,1,1,1,,,,1,,,1,,1,1,,1,,,,,,1,,,,,,1,,,,,1,1,1,,,,,,1,,,,,,1,1,,1,1,,,,,,,1,,,,,,,,1,,,,,,,1,,,,,,1,1,,1,1,1,,,1,,,,,,,,,,,1,1,,,,,,,1,1,,1,1,1,1
2023-08-28 14:06:46,2023-08-28 14:06:46,2,,100,0,1,2023-08-28 14:06:46,R_24XBqFk5vr9F1S6,,,,,,,test,,,,,1,,1,1,,1,1,1,1,,,,,1,,,,1,1,1,1,1,,1,,,,,,1,,,1,,1,1,1,,1,,,1,,1,,1,,,,1,,,,,,,1,,,,,,,,,1,,,1,,,,,1,,,,,,1,,1,1,1,,1,1,1,,1,1,1,1,1,,1,1,,1,,,1,,1,,,,1,1
2023-08-28 14:06:46,2023-08-28 14:06:46,2,,100,0,1,2023-08-28 14:06:47,R_6KGfsszoddh9eM6,,,,,,,test,,1,,1,,,,,1,,,,1,,,,1,1,1,1,1,1,1,1,1,,,,,,1,1,,1,,1,,1,,,,,,1,,,,1,,1,,1,1,1,1,1,,,1,1,,,1,,1,1,1,,1,1,,1,1,,1,1,1,1,1,1,1,1,,1,1,,1,1,,1,,1,,,,1,,1,1,,,,,1,,1,1,,,,1,1,
2023-08-28 14:06:47,2023-08-28 14:06:47,2,,100,0,1,2023-08-28 14:06:47,R_74FuG6uP4wsur2e,,,,,,,test,,1,1,1,,1,1,,,,,,,1,,1,1,1,1,1,1,,1,1,,1,,1,1,,1,1,,,,,,1,,,,,,1,1,,,1,1,,,,,,,1,,,,1,,1,,1,1,1,,,1,,1,1,1,,1,1,,1,,,,,,,1,,1,1,1,1,1,,1,1,1,1,1,1,,,,,1,,1,1,1,,,,1,,1
2023-08-28 14:06:47,2023-08-28 14:06:47,2,,100,0,1,2023-08-28 14:06:47,R_7WMUtX5OJ31JZMG,,,,,,,test,,,,,,1,1,,1,1,1,,,,1,,,,1,1,1,,,,1,,1,1,1,1,1,1,1,,,1,1,1,1,,,1,1,,,1,,,,,1,,,,,,1,1,1,,1,,1,,1,1,,,1,,,1,,,,1,,1,1,,1,1,1,,,,,,,,1,,1,1,1,1,,1,1,,1,,,,1,,,,,,,,1
2023-08-28 14:06:47,2023-08-28 14:06:47,2,,100,0,1,2023-08-28 14:06:47,R_6xSuKJUmrY0WzGu,,,,,,,test,,,,,1,,,1,,,,,,1,,,,1,,,,,,,1,,,,,,1,,1,1,,1,1,1,1,1,,,1,,1,,,1,1,,,,1,,,1,,1,1,,,,1,1,,1,1,,,,,,1,1,,1,1,,,1,,1,,1,1,1,1,1,1,1,1,1,1,,1,1,1,,1,1,,1,,1,1,1,1,,1,,1,1,1
2023-08-28 14:06:47,2023-08-28 14:06:47,2,,100,0,1,2023-08-28 14:06:48,R_8prjmBh8URL3Wlg,,,,,,,test,,,1,,,,,,1,,,1,1,1,1,,,,,1,,,1,,1,1,1,1,1,1,,1,1,1,1,1,,,,1,,1,1,,,,,,1,,,1,,1,1,1,1,,1,,1,,1,1,1,1,1,1,1,1,1,1,1,,,,,1,,1,1,1,1,1,1,,1,,1,,,,1,1,1,,1,1,,1,1,1,1,1,1,,,,1,,1,,
2023-08-28 14:06:48,2023-08-28 14:06:48,2,,100,0,1,2023-08-28 14:06:48,R_eJSYxiYUi8ezw6a,,,,,,,test,,,,1,,,1,,,,1,,,,1,1,1,,1,1,1,1,,1,,,,,,,1,1,1,1,,1,1,,1,,,1,1,1,1,1,1,1,1,1,,,,1,,,,,,,1,1,,,1,1,1,1,1,1,1,1,,,1,1,,,1,1,1,,1,1,1,1,1,1,,,,,1,,,1,,,,1,1,1,1,1,,1,,,,,1,,
2023-08-28 14:06:48,2023-08-28 14:06:48,2,,100,0,1,2023-08-28 14:06:48,R_cGU5Kg1MtUHJpT8,,,,,,,test,,,1,1,1,1,1,1,1,1,1,1,1,1,1,1,1,1,1,1,1,1,,1,,,1,,,,,1,1,1,,1,1,,1,,,,,,1,,,1,,1,,1,1,1,1,,1,1,,,1,1,1,1,,,1,,1,,,1,1,1,,,1,1,1,,,1,,1,,,,1,,,,,,1,,,,1,,1,,1,,,,1,,,1,,,,
2023-08-28 14:06:48,2023-08-28 14:06:48,2,,100,0,1,2023-08-28 14:06:48,R_1LjCpC8LGHhHqmO,,,,,,,test,,1,1,1,1,,1,1,,1,1,,1,1,,1,1,1,1,1,1,1,,1,,,,,1,1,,,,1,,1,1,,1,1,,,,1,,,,,1,,1,,,,,,,,,1,1,1,,,1,,1,,1,,1,1,1,,1,1,,,1,1,1,,,1,1,,,,,,1,,1,1,1,1,,1,,1,1,1,1,,,,1,,1,1,,,
2023-08-28 14:06:49,2023-08-28 14:06:49,2,,100,0,1,2023-08-28 14:06:49,R_djv9eYJnihH6WJo,,,,,,,test,,1,,1,1,1,1,1,1,1,1,1,1,1,1,1,,1,1,1,,1,1,1,1,,,1,1,,1,1,,,1,1,1,1,1,,1,,1,,,,1,1,,,,1,,1,1,,,1,,,,,,,,1,,1,1,1,,1,,1,1,1,1,1,,1,,,,,,,,1,,,,1,,,1,,,,1,1,1,1,1,1,1,1,,1,,1,,,
2023-08-28 14:06:49,2023-08-28 14:06:49,2,,100,0,1,2023-08-28 14:06:49,R_6zd4fsDufAFYnRA,,,,,,,test,,1,1,,,1,,,1,1,1,1,1,,1,,,,1,,,,1,1,1,1,1,1,1,,,,1,1,,1,1,1,1,1,1,1,1,1,1,1,1,1,1,1,,,1,,,,,,,,,,,1,1,1,1,1,1,1,1,1,1,1,1,1,1,1,1,,1,1,1,1,1,1,1,1,1,1,1,1,,,1,,,,1,1,1,1,1,1,1,1,,,,1,1,,1
2023-08-28 14:06:49,2023-08-28 14:06:49,2,,100,0,1,2023-08-28 14:06:49,R_bPzwBQzpMaYSLdk,,,,,,,test,,1,1,1,1,1,,,1,1,1,1,,,,,,,1,1,,1,1,,1,,1,1,,,1,,1,,,,1,1,1,1,1,1,1,1,,,1,1,1,,,,,1,,,,1,1,1,1,1,1,1,1,1,,1,1,1,1,,,,1,1,1,1,1,1,,,1,,,1,,1,,,,1,1,1,1,,,1,,1,1,1,1,,,1,,1,,1,,,
2023-08-28 14:06:49,2023-08-28 14:06:49,2,,100,0,1,2023-08-28 14:06:49,R_9uDHzcki1SJ1jIa,,,,,,,test,,,,,1,1,1,,,1,,,,,,,1,,,,1,1,1,1,1,,1,1,,1,1,1,1,1,1,1,,,,1,1,1,,1,1,1,1,,1,1,1,,1,,1,,,,1,1,1,1,,1,1,1,1,1,1,1,,1,1,1,1,1,1,1,,,,,,,1,1,,,,,,,,1,1,,1,,1,1,1,1,1,1,1,1,,,1,1,1,1,
2023-08-28 14:06:50,2023-08-28 14:06:50,2,,100,0,1,2023-08-28 14:06:50,R_cZJVmPPqbKuuHzM,,,,,,,test,,,1,1,,1,,,,1,,1,,1,1,,,,1,,1,,1,1,,,,,,,,,1,,,,1,,,,1,1,1,1,1,1,,1,1,,1,1,1,1,1,1,1,1,,,,1,1,1,1,,1,1,1,1,1,1,1,1,1,1,1,1,,1,1,,,1,1,,,,,,,1,,,,1,1,1,,,1,1,1,,1,1,1,,1,1,,,1
2023-08-28 14:06:50,2023-08-28 14:06:50,2,,100,0,1,2023-08-28 14:06:50,R_eKguvhZtliWegT4,,,,,,,test,,1,1,1,1,,1,1,,,,,,,1,1,1,,,1,1,1,1,1,,1,,,1,1,1,1,1,1,1,,1,1,,1,1,,1,1,1,,,,,1,1,,,1,1,,1,1,,1,1,1,1,1,,,,1,1,,,,,1,,,,,,,,,,,1,1,1,,1,,1,1,1,1,,1,1,1,1,1,,,1,1,1,,,,,1,1,,
2023-08-28 14:06:50,2023-08-28 14:06:50,2,,100,0,1,2023-08-28 14:06:50,R_6GtOzlBa3iMFLue,,,,,,,test,,1,1,,,1,1,,1,1,1,1,1,1,,1,1,1,1,1,1,1,1,1,1,1,,1,1,,,1,,,,,1,,1,,,,1,,1,,,,,1,1,,1,1,1,1,1,1,1,1,1,1,1,,,1,1,,,,1,,,,,1,,1,1,,1,1,1,1,1,1,,,1,1,,,1,1,1,1,1,1,,,1,,,1,,1,,,,,,1,
2023-08-28 14:06:50,2023-08-28 14:06:50,2,,100,0,1,2023-08-28 14:06:51,R_6YGvCqRV4OmvQQS,,,,,,,test,,1,,,,1,,1,1,1,1,1,1,1,1,1,1,1,1,1,1,1,1,1,1,1,1,1,1,1,1,1,1,1,1,1,1,1,,1,,,,,1,,1,1,1,1,,,,1,1,1,1,,1,,1,,1,,,1,1,1,,1,1,,,,,,1,,1,,1,1,1,1,1,1,,,1,1,,1,,1,,,,,,1,1,1,1,1,1,1,1,,,1,,,
2023-08-28 14:06:51,2023-08-28 14:06:51,2,,100,0,1,2023-08-28 14:06:51,R_elMxQFRo1YYhSmy,,,,,,,test,,1,1,1,1,1,1,1,1,1,1,,,,,,1,1,,1,1,1,1,,,,,1,,,,1,,,,,1,,1,1,,1,1,,,,,,1,,1,1,1,1,,,1,1,1,1,,1,1,1,1,1,1,1,1,1,1,1,,1,,,,1,1,1,1,1,1,,,1,,,,1,1,1,,1,,1,,1,,1,,,,1,1,,1,1,1,1,1,1,1
2023-08-28 14:06:51,2023-08-28 14:06:51,2,,100,0,1,2023-08-28 14:06:51,R_3Q9f9B5EnUAqGqy,,,,,,,test,,1,1,,,1,,,,,,1,1,,,,,1,1,,1,1,1,,1,1,,,,1,,,1,1,,,,,1,,,,,1,,,1,,1,,1,1,1,,1,1,1,,,,,1,,1,1,1,1,1,1,1,1,1,,1,,,1,,,1,1,,,,,,,,,,,1,1,1,1,1,1,1,1,,1,1,1,,1,,,,,1,,,
2023-08-28 14:06:51,2023-08-28 14:06:51,2,,100,0,1,2023-08-28 14:06:51,R_1NPLIDtSwljKW10,,,,,,,test,,,,,1,,,,1,1,1,1,1,1,1,,1,1,1,1,1,1,,,,,1,,,1,,,,,,,,1,1,1,,,,,1,1,,,1,,1,1,1,1,1,1,1,,,,1,1,,,,,,,,1,,,1,,1,1,1,1,1,1,1,,1,1,,,1,,1,,,,1,1,1,1,,1,1,,1,1,1,1,1,1,1,1,1,1,1,1,1
2023-08-28 14:06:52,2023-08-28 14:06:52,2,,100,0,1,2023-08-28 14:06:52,R_6F3n0KEWmLPh33U,,,,,,,test,,1,,1,1,1,1,1,1,1,1,1,1,,,1,1,1,1,1,1,1,1,1,1,1,1,1,1,1,1,1,1,1,,1,1,,1,1,,1,,,1,1,1,1,1,1,1,,,,,,,1,1,1,1,1,1,1,1,1,1,1,1,1,1,,1,,,,,,1,1,1,1,,,1,1,1,1,1,1,1,1,,,1,1,,1,1,,,1,1,1,1,1,1,,,,,,
2023-08-28 14:06:52,2023-08-28 14:06:52,2,,100,0,1,2023-08-28 14:06:52,R_9Y7r5juK0ug60Ga,,,,,,,test,,1,1,,,1,1,1,1,1,1,1,,1,1,,1,,,,,,,,,1,1,1,1,1,,1,1,,1,,1,1,1,1,1,1,1,1,1,,1,,1,,1,,1,1,1,1,1,,1,,,1,,1,,1,1,,,1,,1,,1,1,1,,,1,1,,,1,1,1,,1,1,1,1,1,,,,,1,,,,1,1,1,1,1,1,1,,1,1,1,1,,1
2023-08-28 14:06:52,2023-08-28 14:06:52,2,,100,0,1,2023-08-28 14:06:52,R_aW7kWpwJ0l02kK2,,,,,,,test,,1,1,,1,,1,1,1,,1,,1,,,,,,,1,,,1,,1,,,,,,,,1,,1,1,,,,1,1,,1,1,1,,1,,1,,1,,,,1,,,,,,,1,,,,,,,1,,,1,1,,,,1,1,,,,1,,1,,1,1,1,1,1,1,1,1,,,,1,,,,,,,,1,,,,1,,,,1
2023-08-28 14:06:52,2023-08-28 14:06:52,2,,100,0,1,2023-08-28 14:06:53,R_42SiKM41WACiTtk,,,,,,,test,,1,1,1,1,1,1,1,,,1,1,,,1,,,,1,1,,,1,1,,1,1,,1,1,1,1,1,1,1,1,,1,,1,1,,,1,1,1,1,1,1,,1,1,,1,,1,1,,1,1,1,,1,1,1,1,,1,1,1,1,1,,1,1,1,1,1,,1,,,1,,1,1,1,1,,1,1,1,,,1,1,1,1,1,1,1,,,,1,,1,1,,1,1,1,1
2023-08-28 14:06:53,2023-08-28 14:06:53,2,,100,0,1,2023-08-28 14:06:53,R_3CWz1L62zlGDWfQ,,,,,,,test,,,,,1,,,,,,,1,1,,,1,1,1,1,1,1,1,1,1,1,1,1,1,1,,,1,,1,,,1,1,,1,1,,1,,,1,,,1,,1,1,1,1,1,1,,,,,,,,1,1,,1,1,1,,,1,1,1,1,,,,1,1,1,1,1,1,1,1,1,,1,,1,,1,,1,,,1,,,,,,1,,,,1,,1,1,1,1
2023-08-28 14:06:53,2023-08-28 14:06:53,2,,100,0,1,2023-08-28 14:06:53,R_e34aDZCGHmqQh02,,,,,,,test,,1,,,,1,,,1,1,,,1,1,1,,1,,,1,,,1,1,1,1,1,1,1,,,1,,,,,,1,,1,1,1,,1,,1,1,1,1,1,1,1,1,,1,1,1,1,1,1,,1,1,,1,1,1,1,1,1,1,1,1,,1,1,1,,1,1,1,1,,,1,,,1,,,,,1,,,,,1,,1,1,,1,1,,,1,1,1,1,1,,
2023-08-28 14:06:53,2023-08-28 14:06:53,2,,100,0,1,2023-08-28 14:06:53,R_400qEoWQlCPXvF4,,,,,,,test,,,1,,1,,,1,1,1,,1,,1,,1,1,1,1,1,1,,1,,,1,1,,,1,1,,,,1,1,1,1,1,1,,1,,,,1,1,1,,1,,,,1,1,,1,,1,,,,1,,1,1,1,1,1,1,1,,,1,,1,,1,,1,,,,,1,,1,,,1,1,1,1,,1,1,1,1,,,1,,,,,1,,,1,1,,1,1
2023-08-28 14:06:53,2023-08-28 14:06:53,2,,100,0,1,2023-08-28 14:06:54,R_3t3PLdf07v0wcxU,,,,,,,test,,,1,,,1,1,,,1,,,,,,1,1,,1,,,,,,,,1,,,,1,1,1,1,1,,,,1,,,,,1,1,1,1,,,1,,1,1,1,1,,1,1,1,1,,1,1,,1,1,1,1,1,1,1,1,,,1,1,,,,,,,1,1,,1,,,,,,,,,,1,1,,,1,1,1,1,1,1,1,1,,,,1,1,
2023-08-28 14:06:54,2023-08-28 14:06:54,2,,100,0,1,2023-08-28 14:06:54,R_3D8rZWk31Zj4xaC,,,,,,,test,,1,1,,,,,1,,1,1,1,,,1,,1,,,,,1,,1,1,1,1,,,,1,,,1,1,,,,,1,1,1,1,1,1,1,1,1,1,1,1,1,1,1,1,1,1,1,1,1,1,,1,1,,,,,,,1,1,1,1,1,1,1,1,,,,,1,1,1,1,1,1,1,,,1,1,1,,1,,1,,1,1,1,1,1,,1,,,,1,1,,1
2023-08-28 14:06:54,2023-08-28 14:06:54,2,,100,0,1,2023-08-28 14:06:54,R_6lC5PZr8xoAt9zg,,,,,,,test,,1,,,1,,,,,,,,1,1,,1,1,1,1,1,1,1,,,1,,1,,,1,1,,1,,1,1,,1,,,,,,,1,1,,,,1,1,,1,,1,1,,,1,,,1,1,1,,1,1,,,1,1,,,,1,,,,1,1,1,,1,,,,,,,,1,,1,1,,1,1,,1,,,,,,,1,,1,,,,,
2023-08-28 14:06:54,2023-08-28 14:06:54,2,,100,0,1,2023-08-28 14:06:54,R_0qdd0xr1UJRqKpw,,,,,,,test,,,1,1,1,,,1,1,,,,,,,,1,1,,1,1,,1,1,1,,1,,1,,,,,,1,,1,,,,,,,,,1,,,,,1,1,,,,1,1,,,,1,1,1,,1,1,,,1,,1,1,1,,1,,,,,,,,1,,1,,,1,,,,1,1,1,1,1,1,1,1,1,1,,,1,,1,1,1,1,,,,1
2023-08-28 14:06:55,2023-08-28 14:06:55,2,,100,0,1,2023-08-28 14:06:55,R_8c8pWpBHmHCcj5A,,,,,,,test,,1,1,,,1,,,1,,1,1,1,1,1,1,1,1,1,1,1,1,,,1,,1,1,1,1,1,1,1,1,1,1,1,1,1,1,1,,1,1,,1,,1,1,,,,,,,,1,,,,1,,1,,,,,,,1,,1,,,,1,,,,1,,,1,1,,1,1,1,1,,1,1,1,,,1,1,1,,,,1,,,1,,1,,,,1,,
2023-08-28 14:06:55,2023-08-28 14:06:55,2,,100,0,1,2023-08-28 14:06:55,R_82i6KvT40HPxtxc,,,,,,,test,,1,1,1,,1,1,1,,,,,,1,,1,1,,1,,,,1,1,1,,1,1,,1,1,1,1,1,1,1,,,,,,1,,1,,1,,1,1,1,,1,,,,,1,,,,,,1,,1,1,1,,1,1,1,,,,,,,1,1,1,,1,,,1,1,1,1,1,1,1,1,1,1,1,1,1,1,1,,,,1,,,1,1,,,1,1,1,
2023-08-28 14:06:55,2023-08-28 14:06:55,2,,100,0,1,2023-08-28 14:06:55,R_0k2Ik5SIQnCCaAm,,,,,,,test,,,,,1,1,1,1,1,1,,1,,1,,1,,,,,,,1,1,,1,,,,,,1,,,,1,1,,1,,,1,1,1,1,1,1,,,,1,,1,1,1,1,1,1,1,1,1,1,,,,,,,,,1,,1,,,,,,,,1,1,,,,1,1,1,1,1,1,1,,1,,,,1,1,1,1,,,1,,1,,,1,,,,
2023-08-28 14:06:55,2023-08-28 14:06:55,2,,100,0,1,2023-08-28 14:06:56,R_2bZN7gTPR4H0oRw,,,,,,,test,,1,1,1,1,1,1,1,1,1,1,,1,1,1,,1,1,1,,,,1,,1,,,1,,1,1,,1,1,1,1,,1,,1,,1,,,,1,,1,,,1,1,,1,,1,,,1,1,1,1,,1,,,1,,,,,,1,,1,,,,,,,1,,,1,,1,1,,1,1,1,1,1,1,1,1,1,1,,,,1,1,,,1,1,1,1,,,1
2023-08-28 14:06:56,2023-08-28 14:06:56,2,,100,0,1,2023-08-28 14:06:56,R_3yN9cHtBVF1rHrU,,,,,,,test,,1,1,1,1,1,1,1,1,,,,,,1,,1,,1,1,1,,1,,1,1,1,1,,1,,1,1,1,1,1,1,1,1,1,1,1,1,,1,1,,1,,1,1,,1,,,,1,1,1,1,1,1,1,1,1,,,,1,1,,,,,,1,1,,,,,,,1,,,,,1,,,1,,,,,,1,,,,,,,1,,,,1,1,,1,
2023-08-28 14:06:56,2023-08-28 14:06:56,2,,100,0,1,2023-08-28 14:06:56,R_7ZFLKxouIWjUfIO,,,,,,,test,,1,1,1,1,1,1,,1,1,1,1,1,1,1,,,,,,,1,,,1,,1,1,1,1,1,1,1,1,1,1,,,1,,,,,,,,1,1,1,,,1,1,1,,,1,1,1,,,,1,,1,1,1,,1,1,1,,1,,1,,,,,1,,,,,,1,1,1,1,1,1,,1,,,,,,,1,,1,,1,,1,1,1,1,1,1,,
2023-08-28 14:06:56,2023-08-28 14:06:56,2,,100,0,1,2023-08-28 14:06:56,R_1ET8p8AiwJN2mTY,,,,,,,test,,,,,,,1,1,,,1,,1,,1,,,,,,1,,1,1,1,,1,1,1,,,,,,,1,1,,,,1,1,,,,1,,1,1,1,1,1,1,1,1,,1,1,1,1,1,1,,1,1,,1,1,1,1,,,,,1,1,1,1,1,1,,,1,,,,1,1,1,1,1,,1,,,1,1,,1,1,,,1,1,1,,,,,1,,,
2023-08-28 14:06:56,2023-08-28 14:06:56,2,,100,0,1,2023-08-28 14:06:57,R_02DY40ApkxORWHs,,,,,,,test,,1,1,1,,1,1,1,1,,1,1,1,1,1,1,1,,1,,,1,,,1,,,,,1,1,1,,1,1,1,,1,,1,,,1,,,1,1,1,,1,1,,,,,,,,1,,,,1,,1,1,,1,1,1,1,,,,,1,,,,,1,1,1,1,1,1,1,1,1,,1,1,,,1,,1,1,1,1,1,1,,,,,,1,,,1,,
2023-08-28 14:06:57,2023-08-28 14:06:57,2,,100,0,1,2023-08-28 14:06:57,R_cZplkS1DPq7Jd8q,,,,,,,test,,,1,,,,,,1,1,1,1,1,,1,1,1,1,1,1,1,1,,,1,,,,,1,1,1,,,,1,1,,1,1,1,1,1,,,,,,1,,,,,,,,1,,1,,,,,,1,1,,1,,1,1,1,1,1,1,1,1,1,1,,,,,1,,1,1,,1,1,,1,1,,1,,1,1,1,1,1,1,1,1,1,,1,1,1,1,1,1,1
2023-08-28 14:06:57,2023-08-28 14:06:57,2,,100,0,1,2023-08-28 14:06:57,R_bjutAMmhAoaOk5M,,,,,,,test,,,,1,,1,1,,1,1,,1,,,,1,,,1,,1,,,,1,,,,,,1,1,,1,1,1,,,1,,,,,1,1,,,1,1,,,,,,,1,,,1,1,1,1,,,1,1,1,1,1,,1,1,1,,1,,,1,1,1,1,1,1,1,1,1,,,1,,,,1,1,1,1,1,1,1,,,,,,1,,1,1,,1,1,,
2023-08-28 14:06:57,2023-08-28 14:06:57,2,,100,0,1,2023-08-28 14:06:57,R_6QhrbbVSwgaatHo,,,,,,,test,,1,1,1,,1,1,1,,,,1,1,,,,,,,1,,,,,,,1,,,1,1,1,1,1,1,1,1,1,1,1,1,1,1,,,,,1,1,,,,,1,1,,1,,1,1,,1,,1,1,1,1,1,1,1,,,1,1,1,1,,,,,1,,,1,1,,,,,1,1,1,,,,,,,1,1,,1,,,,,1,,1,1,1,1,
2023-08-28 14:06:58,2023-08-28 14:06:58,2,,100,0,1,2023-08-28 14:06:58,R_9S899N3JDAxbq5M,,,,,,,test,,1,1,,1,1,,,1,1,,,1,,,,1,,,1,1,,1,1,1,1,1,1,1,1,1,1,1,1,1,1,1,1,1,,1,1,1,1,,1,,1,,1,1,1,1,1,,1,1,1,1,1,1,1,1,1,1,,,1,1,1,,,,1,,,,,,1,,,,,,,,1,1,,1,1,1,1,1,1,1,1,1,,,1,,,,,1,1,,1,1,,1
2023-08-28 14:06:58,2023-08-28 14:06:58,2,,100,0,1,2023-08-28 14:06:58,R_3E57yWvJs5DJrF4,,,,,,,test,,,1,,,,1,,1,,,,,1,,1,,1,,,,1,,1,,,1,,1,,,1,1,,1,1,,,,1,,1,,1,1,1,1,1,,1,1,,,,,,1,1,1,1,1,1,1,1,,1,1,1,,1,,,,1,,,,,1,,1,1,1,,1,1,1,1,1,1,1,1,1,,,1,,1,,1,1,1,1,1,1,1,,,1,1,,1,1
2023-08-28 14:06:58,2023-08-28 14:06:58,2,,100,0,1,2023-08-28 14:06:58,R_e4Irxdz7X77pVyu,,,,,,,test,,1,1,1,,,1,1,1,1,1,1,1,,1,,,1,1,,,,1,1,1,1,1,1,,1,1,1,1,1,,1,1,1,,1,1,1,,1,1,,,,,1,1,,,1,,1,,1,1,,1,1,1,1,,1,,,1,1,1,1,1,1,,1,1,1,,1,,1,,1,,1,1,,1,1,,1,1,1,1,1,1,1,1,,,,1,1,1,,,,,1,,,
2023-08-28 14:06:58,2023-08-28 14:06:58,2,,100,0,1,2023-08-28 14:06:59,R_0SR62ljGo7zQ7em,,,,,,,test,,,1,1,1,,1,,,,,,,1,,1,1,,,,,,1,1,1,1,1,,,1,1,1,1,1,1,1,1,1,1,1,1,1,1,,,,,1,,,1,1,1,1,1,1,,1,1,1,1,1,1,1,1,1,1,,,1,1,1,,,,,1,,1,1,1,1,1,1,,1,1,1,1,1,1,1,1,1,1,1,1,,1,,1,,,,,,1,1,1,1,,,1
2023-08-28 14:06:59,2023-08-28 14:06:59,2,,100,0,1,2023-08-28 14:06:59,R_87gXv31bSlbR27A,,,,,,,test,,,,,1,,1,,,1,,,1,1,1,,1,1,,1,1,1,1,,,,1,,,1,1,1,1,,1,1,,,,1,1,1,1,,,,1,,,,1,,,,,1,1,1,1,,1,1,1,1,,,1,,,1,1,1,1,1,1,1,,1,,,1,,,,1,1,,1,1,1,1,,,1,1,,1,,,1,1,1,1,1,,1,,,1,1,1,1,
2023-08-28 14:06:59,2023-08-28 14:06:59,2,,100,0,1,2023-08-28 14:06:59,R_eeRzyEnYcC8lrIq,,,,,,,test,,1,1,1,,,1,,1,1,,1,,1,1,1,1,1,1,1,1,1,1,1,1,1,1,1,1,,,,,,1,,,,,,,1,1,1,1,1,,1,1,,,,,1,,1,,,,1,,1,,,,,1,,,,,1,1,,,1,1,1,1,,1,1,,,1,1,1,,1,1,1,1,1,,,,,,1,1,,,,1,1,1,1,1,1,,,,1
2023-08-28 14:06:59,2023-08-28 14:06:59,2,,100,0,1,2023-08-28 14:06:59,R_cMcXRQzvmvMSKcS,,,,,,,test,,,,1,1,1,,,1,1,,1,1,1,1,1,1,1,1,1,,1,,1,1,1,1,1,,,,,,1,1,,,1,,,,,,,,,,,1,1,,1,,1,1,,1,1,1,1,1,1,1,1,1,,,,,,,1,1,,,,,1,,,,,,,1,,,,,,1,,1,1,1,1,1,1,1,1,1,1,,,1,,,1,1,,,,1
2023-08-28 14:06:59,2023-08-28 14:06:59,2,,100,0,1,2023-08-28 14:07:00,R_00x3PBDqq0G0uYC,,,,,,,test,,1,1,1,1,1,,1,1,1,,,1,1,1,,,,1,,1,1,1,,,1,,,1,,1,,,1,1,,1,1,1,1,1,1,1,1,1,1,1,1,1,1,1,,1,1,1,,1,,,,1,,1,,,1,1,1,1,1,1,,,1,,,,,1,1,1,1,,,,1,1,1,,1,,,1,,1,1,1,,1,1,1,1,1,1,,,,,,,,1,1
2023-08-28 14:07:00,2023-08-28 14:07:00,2,,100,0,1,2023-08-28 14:07:00,R_0POTuOv3BMdzZR4,,,,,,,test,,1,,,,,,,1,1,1,1,,1,1,,,,,,1,,1,,1,1,1,,1,,,1,,1,,,1,,,1,1,,1,1,,,,,,,1,1,1,,,1,1,1,,,,,1,,,1,,1,1,,1,1,1,,1,,1,,1,1,,,1,1,1,,,1,1,,1,1,1,1,1,1,1,1,1,,,,,,,1,1,1,1,1,1,1,1
2023-08-28 14:07:00,2023-08-28 14:07:00,2,,100,0,1,2023-08-28 14:07:00,R_b2BAtxpBz7ZWxGS,,,,,,,test,,,1,1,,1,,1,1,1,1,1,1,1,1,,1,,,,1,1,1,1,1,1,1,1,1,1,1,1,1,1,1,1,,,1,,1,1,,,,,,,1,,1,,,,,1,,1,1,,,,1,,1,,,1,,1,1,1,1,1,,1,1,1,,,,1,1,1,1,1,1,,,1,,1,1,1,,1,1,1,1,1,1,1,,,,,,,1,1,1,,
2023-08-28 14:07:00,2023-08-28 14:07:00,2,,100,0,1,2023-08-28 14:07:01,R_7X9Mr7EeggqvMZo,,,,,,,test,,1,1,1,1,1,1,1,1,1,1,1,1,1,1,1,,,1,,,1,1,1,,,,,,,1,,,,,,1,1,1,1,1,,1,,,,,1,1,,,,1,,,,,1,,1,1,1,1,1,1,,1,,1,1,,,,,1,,,1,1,1,1,1,,,1,,1,,,1,,1,,,,1,1,1,,1,1,1,1,1,1,1,,1,,,,,
2023-08-28 14:07:01,2023-08-28 14:07:01,2,,100,0,1,2023-08-28 14:07:01,R_6zZb1aVTh5OtH9k,,,,,,,test,,,1,,1,,,1,,1,,,,1,,,,,1,1,1,1,1,1,1,,1,1,1,1,1,1,,1,1,,1,,,1,1,,1,1,1,,,1,1,1,1,1,,,,1,,,,,,1,,,,,1,1,1,1,1,1,,1,,1,1,1,1,1,1,1,1,1,1,,1,,,1,,,1,1,1,1,1,1,,,1,1,,,,,,,,1,,1,
2023-08-28 14:07:01,2023-08-28 14:07:01,2,,100,0,1,2023-08-28 14:07:01,R_5tBUryYGce9ppMW,,,,,,,test,,1,1,1,1,,1,1,1,1,1,1,1,1,1,,1,,,,,,,1,,1,,1,,,,,,1,,1,,,1,,,1,,,,,,1,,,,1,,1,,1,,1,1,,1,1,1,1,,,,1,,,,1,,,1,1,,1,1,,1,,,1,1,,,1,,,,1,1,1,1,1,,,1,1,1,,,,,,1,1,1,1,,1,1
2023-08-28 14:07:01,2023-08-28 14:07:01,2,,100,0,1,2023-08-28 14:07:01,R_71yKYBJscH05h6m,,,,,,,test,,1,,,,1,,1,1,1,1,1,1,,1,1,1,1,,1,,1,1,1,1,1,1,1,1,1,1,1,1,1,1,1,1,1,1,,1,1,1,1,1,1,1,1,1,1,1,1,1,1,,1,1,,,1,1,,,,1,1,1,1,1,,1,,1,1,,,1,,1,1,1,1,1,1,1,1,1,,,,,,1,1,,1,1,,1,,1,1,1,1,,1,1,1,1,1,1,1,1
2023-08-28 14:07:02,2023-08-28 14:07:02,2,,100,0,1,2023-08-28 14:07:02,R_09BKmMNI1cFind4,,,,,,,test,,1,1,1,1,1,1,1,,,1,1,,1,,1,1,1,1,1,1,1,,,1,1,1,1,1,1,1,,,,,,1,1,,1,1,1,,1,1,1,1,1,1,1,,,1,,,,,1,1,,,,,1,,,1,,,1,1,1,,1,1,1,,1,1,1,,1,1,1,1,1,,,,1,,,1,1,1,1,1,1,1,,,,,,,1,1,1,,,,1,
2023-08-28 14:07:02,2023-08-28 14:07:02,2,,100,0,1,2023-08-28 14:07:02,R_6AbccS3JBCKuxo2,,,,,,,test,,1,1,1,1,1,1,1,,1,,1,1,,1,1,1,1,1,1,1,1,1,,1,1,1,1,1,1,,1,1,,1,,1,1,1,1,,1,1,1,1,1,,1,1,,,1,,1,1,,1,,,,1,,,,1,1,,1,,,1,1,1,1,1,1,1,1,,1,1,1,1,1,1,,,1,,1,1,1,,,,1,1,,,,,,,,1,1,1,1,,1,1,,1
2023-08-28 14:07:02,2023-08-28 14:07:02,2,,100,0,1,2023-08-28 14:07:02,R_e35PhbCLoyPwyua,,,,,,,test,,,,1,1,1,1,1,1,,,1,,,1,1,1,1,1,1,1,1,1,1,,,,1,,1,1,1,,1,1,1,1,1,1,1,1,1,1,1,1,1,1,1,1,1,,,,1,,,,1,1,1,,1,,1,1,1,1,1,1,1,1,,1,1,1,1,,,,,,,1,,,1,,,1,1,,,1,,,1,,,1,,,,,1,,,1,1,1,1,1,1,
2023-08-28 14:07:02,2023-08-28 14:07:02,2,,100,0,1,2023-08-28 14:07:03,R_4I2ueGmrKpQzwEe,,,,,,,test,,,1,,,1,1,1,1,,,,1,,,,1,1,1,1,1,1,,,,1,1,1,1,,,,1,,,,1,1,1,1,1,1,,1,1,1,1,1,1,1,1,1,1,1,1,1,1,1,1,1,1,1,1,1,1,,,,1,,,1,1,1,1,1,1,1,,1,1,,,1,1,,,,,,1,,1,1,1,,,,,,,1,,,,1,1,,1,,,1,1
2023-08-28 14:07:03,2023-08-28 14:07:03,2,,100,0,1,2023-08-28 14:07:03,R_a9nJIXQKj8ixKnA,,,,,,,test,,1,1,1,1,1,1,1,1,,1,,,,1,1,,,1,,1,,,,,,1,1,1,1,1,1,,1,1,1,1,1,1,1,1,1,1,,,1,,,,,,1,,,1,,1,1,,1,1,1,1,1,,1,1,1,1,1,1,1,1,1,1,1,1,1,,,1,,,,,,,,1,,1,,1,,,1,,,,1,1,1,,,1,1,1,1,1,1,1,1,1
2023-08-28 14:07:03,2023-08-28 14:07:03,2,,100,0,1,2023-08-28 14:07:03,R_3siEcmOxNaJl9mC,,,,,,,test,,,,,,1,,,1,,,1,,1,,1,,1,1,1,1,1,1,1,,1,,,1,1,1,1,1,1,1,1,1,,1,,,,1,,1,,1,,,,1,1,,1,1,,1,,1,,,,,1,1,,1,1,1,1,1,,,1,1,1,1,,1,1,,1,1,,1,,1,,1,,,1,,,,,,,1,1,,1,1,1,1,1,,1,,,,,1
2023-08-28 14:07:03,2023-08-28 14:07:03,2,,100,0,1,2023-08-28 14:07:03,R_9yHoLaWo6Admms6,,,,,,,test,,,1,,,,1,,,1,,,,,,,1,1,,,,1,1,1,1,,1,1,1,,,1,1,1,,1,,1,,1,,,1,,,,,1,1,,1,,1,1,1,1,1,,,1,,1,1,,1,1,,1,1,1,1,,1,1,1,1,1,1,1,1,,,1,,1,1,1,1,1,1,1,1,1,,,1,,,,1,1,1,1,1,1,1,1,1,1,1,1,1,1
2023-08-28 14:07:04,2023-08-28 14:07:04,2,,100,0,1,2023-08-28 14:07:04,R_3DAE3ueHX2wjaYK,,,,,,,test,,1,,1,1,,,,,1,1,1,1,1,1,,1,1,,,,,,,1,,,1,,,,,,,1,,,,1,1,,1,,1,,,1,1,,1,1,1,1,,1,1,1,1,,,,1,1,,1,1,1,1,1,1,1,,1,1,1,,,1,1,1,1,1,1,1,1,,,1,1,1,,,1,,1,1,,,,1,,,1,,,1,,,1,,1,1,
2023-08-28 14:07:04,2023-08-28 14:07:04,2,,100,0,1,2023-08-28 14:07:04,R_0riIStzF66ZaDoq,,,,,,,test,,1,,1,1,1,1,1,,,,,1,,1,,1,,1,,,,1,1,,1,,1,1,1,,1,,,,,1,,,1,,,,,,,,,,1,,1,1,,,,,,1,,,,1,,1,1,,1,,,1,1,1,,1,1,1,1,,1,1,1,1,1,1,,1,1,1,1,1,,1,1,1,1,1,,,1,1,1,1,1,1,1,1,1,1,,,1,1
2023-08-28 14:07:04,2023-08-28 14:07:04,2,,100,0,1,2023-08-28 14:07:04,R_cU2UrJJ2YTnAmTI,,,,,,,test,,1,,,,,,,1,1,1,1,1,1,1,1,,,,,,,1,,,1,1,,1,,,1,,,,,1,1,,1,1,,1,,,1,,,,,1,1,1,1,1,1,1,,,1,,1,1,,1,1,1,1,1,1,1,,1,,,1,,,1,1,1,1,1,1,1,1,,,,1,,,,,,,,,1,,1,,,,,1,,,,1,,1,1
2023-08-28 14:07:04,2023-08-28 14:07:04,2,,100,0,1,2023-08-28 14:07:05,R_0pGJQEnLeIjM7wW,,,,,,,test,,1,1,1,1,1,,1,1,1,,1,1,1,1,,1,1,,,,,,,1,,1,,,1,1,1,1,1,1,1,1,,1,1,1,1,1,1,1,,1,,,1,1,1,1,1,1,1,,,,1,,,1,,,1,,1,1,1,1,1,1,,,,,,,,1,1,1,1,,1,1,,1,1,1,,1,1,,,,,,,1,1,1,,,,1,,,,,,
2023-08-28 14:07:05,2023-08-28 14:07:05,2,,100,0,1,2023-08-28 14:07:05,R_aYvZWObnpwWgHvU,,,,,,,test,,1,1,1,1,1,1,1,1,1,1,,1,1,1,,,,,,1,,1,,1,1,1,1,1,1,1,,1,,1,1,1,1,1,1,1,,1,,1,,1,1,1,1,,1,1,,1,1,,1,1,1,,1,,1,1,1,1,,,,,1,1,,1,,1,1,1,1,1,1,1,1,1,,,,,1,,,1,1,1,1,1,1,,1,1,1,,1,1,,,,,1,,,1
2023-08-28 14:07:05,2023-08-28 14:07:05,2,,100,0,1,2023-08-28 14:07:05,R_250i5qPEpEQ3M4C,,,,,,,test,,1,1,1,1,1,1,1,1,1,1,1,1,1,1,,,,,,,1,1,1,1,1,1,1,1,1,1,1,1,1,1,1,1,,1,1,1,1,,,1,,,,,,1,1,,,1,1,1,,,1,,1,,,1,1,,1,,1,1,1,1,1,,1,,,1,1,1,1,1,1,1,1,1,1,1,1,1,1,,1,1,,1,,,,,,,1,,,1,1,1,,1,1,
2023-08-28 14:07:05,2023-08-28 14:07:05,2,,100,0,1,2023-08-28 14:07:05,R_e3ew1zcUPaoOa2O,,,,,,,test,,,,,1,,,,,,1,1,,,,1,,,,1,,1,1,1,1,1,1,,1,1,1,1,1,,1,1,1,1,,1,1,1,,1,1,1,1,,,,,,,,,,1,1,1,,,,,1,,1,,1,1,1,1,,,,,1,,,,1,1,1,1,1,1,,1,1,1,1,1,1,,1,1,,1,,1,,,,,1,,,,1,1,1,1,1,
2023-08-28 14:07:06,2023-08-28 14:07:06,2,,100,0,1,2023-08-28 14:07:06,R_bEGLtjhPc3A9Puu,,,,,,,test,,1,,,1,1,1,1,1,1,,,1,1,1,1,1,1,,1,,1,1,,1,,1,,1,,,,,,,1,1,,1,1,1,1,1,1,1,1,1,1,,1,,1,,,,,,,1,,,,,,1,,,,,,1,1,1,1,1,,1,1,1,1,,1,1,1,1,1,1,1,1,1,1,1,,,,1,,,,1,1,1,,1,,1,1,1,,,,,1
2023-08-28 14:07:06,2023-08-28 14:07:06,2,,100,0,1,2023-08-28 14:07:06,R_8plIpCAabwdrCku,,,,,,,test,,,,,1,1,,,,,,,1,,,1,,,,,,,1,,1,,,,,,,,1,1,,,1,,1,,1,1,1,1,1,1,1,1,1,1,1,,1,1,,,1,1,1,1,1,1,1,1,,,,,1,,,,1,1,1,,1,1,,,,,,1,1,,,,,1,,,,1,,,,,,1,1,1,1,1,1,,,,,,,,1
2023-08-28 14:07:06,2023-08-28 14:07:06,2,,100,0,1,2023-08-28 14:07:06,R_aUYrWsTcrUf0OV0,,,,,,,test,,,1,,,1,,,1,1,1,1,1,1,1,,,,1,,,,1,,,,1,,,,,1,1,1,,1,,,,,1,1,,,1,1,,,,,1,1,1,,,,,1,,1,1,1,1,,1,1,1,1,1,1,1,,1,,1,1,1,1,,,1,1,1,1,,,1,,,1,1,1,,,,,,,1,1,1,1,1,1,1,1,1,1,1,1,1,1,1
2023-08-28 14:07:06,2023-08-28 14:07:06,2,,100,0,1,2023-08-28 14:07:07,R_2ubNQCh13MAHhoa,,,,,,,test,,1,1,1,1,1,1,1,,1,1,1,,1,1,,1,1,1,1,1,1,1,1,1,1,1,1,1,1,,,,,,,,,,,,1,,1,1,,1,,1,1,,1,1,1,1,1,,,1,1,1,,,,1,,1,1,1,1,1,1,,1,,,1,1,,,,,,,1,,1,1,,,,,1,1,1,1,1,1,1,,1,1,1,1,,,1,1,,,1,1,1
2023-08-28 14:07:07,2023-08-28 14:07:07,2,,100,0,1,2023-08-28 14:07:07,R_3UC5yj2KGZoi1Po,,,,,,,test,,1,1,1,1,,1,1,1,1,1,1,1,1,1,1,1,,1,1,,,1,1,1,1,1,1,1,,1,1,1,1,1,1,,,1,,1,1,1,1,,,1,1,1,1,,1,,1,,,,,,,1,1,,,,,,,,,1,1,1,1,1,1,1,1,1,1,1,1,1,1,1,,1,1,,1,1,1,1,1,1,1,1,1,,,1,,,,,1,1,1,1,1,1,,1
2023-08-28 14:07:07,2023-08-28 14:07:07,2,,100,0,1,2023-08-28 14:07:07,R_cZPUylv26AmWq5o,,,,,,,test,,,,,,,,1,,1,,,1,,,,1,,,,,1,1,1,1,,1,1,,,,1,1,,,,,,1,,,1,1,,,,1,1,,,1,,,,,1,,1,1,,1,1,,,1,1,1,1,1,1,1,1,,1,1,1,1,,,1,,,,,,1,,1,,,1,,1,,,1,1,,1,1,,1,,1,1,1,1,,1,,1,1,1
2023-08-28 14:07:07,2023-08-28 14:07:07,2,,100,0,1,2023-08-28 14:07:07,R_7NXiVI8XmcSCpxQ,,,,,,,test,,,1,1,1,1,,1,,,,,1,,,,,,,,1,,,1,,1,1,,1,1,1,,,1,,1,1,1,1,,,1,1,1,1,,,,,,,1,,1,1,,1,1,1,1,1,1,1,1,1,1,,,1,,,1,1,1,1,1,1,1,1,,1,,1,1,1,,,1,1,,,,,,1,,1,1,1,1,1,1,1,1,1,,1,1,,,,1,1
2023-08-28 14:07:07,2023-08-28 14:07:07,2,,100,0,1,2023-08-28 14:07:08,R_3zaomHwQ6quxzYq,,,,,,,test,,1,1,1,1,1,1,1,,,,,1,1,,1,1,,,1,1,,1,1,1,1,1,1,1,1,,,1,1,,1,,,,,1,,,1,,1,1,1,1,1,,1,1,1,1,1,1,,,,1,,,,1,,1,1,1,,1,,,,,,,1,1,1,1,1,1,1,1,1,1,,1,1,1,1,,1,1,,,1,,,,,1,,1,1,1,1,1,1,,1,
2023-08-28 14:07:08,2023-08-28 14:07:08,2,,100,0,1,2023-08-28 14:07:08,R_9YnKS4WDuOH9fwy,,,,,,,test,,1,,,1,,,,,,,,,1,,1,,1,1,,1,1,,1,,1,,1,1,1,,,,,,,1,1,,1,,1,,1,1,1,1,1,1,1,1,,1,1,,,1,1,,,1,,,,,,1,,,,,1,1,1,,1,1,1,1,1,1,1,1,1,1,1,,1,,,1,,1,1,1,1,1,1,1,,,1,,,1,1,1,,1,,1,1,1
2023-08-28 14:07:08,2023-08-28 14:07:08,2,,100,0,1,2023-08-28 14:07:08,R_d5U4zUfg1TjfkfY,,,,,,,test,,1,1,1,,,1,,,1,1,1,,,,,,,,1,,1,1,1,1,1,1,1,,,,,1,,,,1,1,,1,1,1,1,,1,,,,,,1,,,1,,,,,1,,1,,,1,1,1,1,1,1,1,1,,,,,1,,1,,1,1,1,1,1,1,1,1,1,1,,1,1,1,,1,,,1,,,1,1,,1,1,1,,,,,1,1,1
2023-08-28 14:07:08,2023-08-28 14:07:08,2,,100,0,1,2023-08-28 14:07:09,R_3mUIypntePR03X0,,,,,,,test,,1,1,1,1,1,1,1,1,1,1,,,1,,1,1,,1,,,1,1,,,1,,,,,,1,1,,,,,1,1,1,1,1,1,1,1,,1,1,1,1,1,,,1,,,,1,1,1,,,,1,1,1,1,1,1,1,1,1,1,1,1,1,1,,1,1,1,1,1,1,1,1,,,1,,,,,1,,,1,1,,1,1,1,1,,,1,1,1,1,1,,1,
